Symbol,Name,Last Sale,Net Change,% Change,Market Cap,Country,IPO Year,Volume,Sector,Industry
AAL,American Airlines Group Inc. Common Stock,$15.46,-0.42,-2.645%,10058932447.00,United States,,27267847,Consumer Discretionary,Air Freight/Delivery Services
AAON,AAON Inc. Common Stock,$90.48,-1.57,-1.706%,4813494108.00,United States,,231122,Industrials,Industrial Machinery/Components
AAPL,Apple Inc. Common Stock,$148.50,-2.09,-1.388%,2574594990000.00,United States,1980,68523399,Technology,Computer Manufacturing
AAWW,Atlas Air Worldwide Holdings NEW Common Stock,$99.93,-0.35,-0.349%,2834434306.00,United States,,577335,Consumer Discretionary,Transportation Services
ABCB,Ameris Bancorp Common Stock,$42.45,0.02,0.047%,2944716173.00,United States,1994,1230765,Finance,Major Banks
ABCL,AbCellera Biologics Inc. Common Shares,$7.55,-0.32,-4.066%,2160058224.00,Canada,2020,3240983,Health Care,Pharmaceuticals and Biotechnology
ABCM,Abcam plc American Depositary Shares,$13.82,-1.00,-6.748%,3168537755.00,United Kingdom,2020,941425,Health Care,Biotechnology: Biological Products (No Diagnostic Substances)
ABNB,Airbnb Inc. Class A Common Stock,$118.30,-1.54,-1.285%,70554002528.00,United States,2020,5252671,Consumer Discretionary,Hotels/Resorts
ACAD,ACADIA Pharmaceuticals Inc. Common Stock,$20.37,-0.14,-0.683%,3298534348.00,United States,1985,2378273,Health Care,Biotechnology: Pharmaceutical Preparations
ACGL,Arch Capital Group Ltd. Common Stock,$66.61,-1.77,-2.588%,24668746860.00,Bermuda,,3069647,Finance,Property-Casualty Insurers
ACHC,Acadia Healthcare Company Inc. Common Stock,$68.98,-1.01,-1.443%,6275573663.00,United States,,607855,Health Care,Hospital/Nursing Management
ACIW,ACI Worldwide Inc. Common Stock,$23.76,-0.92,-3.728%,2670009400.00,United States,,685049,Technology,EDP Services
ACLS,Axcelis Technologies Inc. Common Stock,$123.69,-5.88,-4.538%,4053939750.00,United States,2000,844694,Technology,Industrial Machinery/Components
ACT,Enact Holdings Inc. Common Stock,$22.66,-0.80,-3.41%,3690013633.00,United States,2021,210064,Finance,Specialty Insurers
ADBE,Adobe Inc. Common Stock,$329.30,-9.07,-2.68%,150753540000.00,United States,1986,4147301,Technology,Computer Software: Prepackaged Software
ADI,Analog Devices Inc. Common Stock,$181.76,-1.80,-0.981%,91943750218.00,United States,,3166845,Technology,Semiconductors
ADP,Automatic Data Processing Inc. Common Stock,$213.56,-5.42,-2.475%,88488915310.00,United States,,1652736,Consumer Discretionary,Business Services
ADSK,Autodesk Inc. Common Stock,$194.02,-6.47,-3.227%,41863209186.00,United States,,1341239,Technology,Computer Software: Prepackaged Software
AEIS,Advanced Energy Industries Inc. Common Stock,$92.62,-1.99,-2.103%,3470333767.00,United States,1995,283318,Consumer Discretionary,Electrical Products
AEP,American Electric Power Company Inc. Common Stock,$87.53,-1.23,-1.386%,44978487735.00,United States,,2660423,Utilities,Electric Utilities: Central
AFRM,Affirm Holdings Inc. Class A Common Stock,$10.37,-0.94,-8.311%,3048725827.00,United States,2021,24776794,Technology,EDP Services
AGNC,AGNC Investment Corp. Common Stock,$9.97,-0.48,-4.593%,5729759000.00,United States,2008,19200789,Real Estate,Real Estate Investment Trusts
AGYS,Agilysys Inc. Common Stock (DE),$79.58,-2.91,-3.528%,2006100229.00,United States,,135491,Technology,Computer Software: Prepackaged Software
AIMC,Altra Industrial Motion Corp. Common Stock,$61.60,0.05,0.081%,4014708606.00,United States,2006,1405380,Industrials,Industrial Machinery/Components
AKAM,Akamai Technologies Inc. Common Stock,$71.96,-1.74,-2.361%,11225760000.00,United States,1999,2058374,Consumer Discretionary,Business Services
ALGM,Allegro MicroSystems Inc. Common Stock,$44.06,-1.16,-2.565%,8437854464.00,United States,2020,1510259,Technology,Semiconductors
ALGN,Align Technology Inc. Common Stock,$312.79,-8.85,-2.752%,24178667000.00,United States,2001,882945,Health Care,Industrial Specialties
ALKS,Alkermes plc Ordinary Shares,$26.61,-0.29,-1.078%,4374394563.00,Ireland,1991,1449133,Health Care,Biotechnology: Pharmaceutical Preparations
ALNY,Alnylam Pharmaceuticals Inc. Common Stock,$182.66,-3.29,-1.769%,22472337222.00,United States,2004,1002474,Health Care,Biotechnology: Pharmaceutical Preparations
ALRM,Alarm.com Holdings Inc. Common Stock,$48.59,-1.53,-3.053%,2425166938.00,United States,2015,336490,Technology,Computer Software: Prepackaged Software
ALTR,Altair Engineering Inc. Class A Common Stock,$63.30,-2.48,-3.77%,5073015059.00,United States,2017,625302,Technology,Computer Software: Prepackaged Software
ALVO,Alvotech Ordinary Shares,$13.22,0.37,2.879%,3287146456.00,Luxembourg,,71161,Health Care,Biotechnology: Biological Products (No Diagnostic Substances)
AMAT,Applied Materials Inc. Common Stock,$114.39,-2.65,-2.264%,96439716785.00,United States,1972,7008772,Technology,Semiconductors
AMBA,Ambarella Inc. Ordinary Shares,$76.60,-3.85,-4.786%,2968775553.00,United States,2012,362218,Technology,Semiconductors
AMD,Advanced Micro Devices Inc. Common Stock,$82.67,-1.36,-1.618%,134534262483.00,United States,,70231949,Technology,Semiconductors
AMED,Amedisys Inc Common Stock,$82.56,0.02,0.024%,2687377701.00,United States,,379955,Health Care,Medical/Nursing Services
AMGN,Amgen Inc. Common Stock,$227.87,2.08,0.921%,121677165353.00,United States,1983,2661755,Health Care,Biotechnology: Pharmaceutical Preparations
AMKR,Amkor Technology Inc. Common Stock,$25.36,-0.62,-2.386%,6212557225.00,United States,1998,806649,Technology,Semiconductors
AMLX,Amylyx Pharmaceuticals Inc. Common Stock,$30.66,-2.50,-7.539%,2031415644.00,United States,2022,1049621,Health Care,Biotechnology: Pharmaceutical Preparations
AMZN,Amazon.com Inc. Common Stock,$90.73,-1.52,-1.648%,923349066386.00,United States,1997,69747110,Consumer Discretionary,Catalog/Specialty Distribution
ANSS,ANSYS Inc. Common Stock,$296.03,-4.19,-1.396%,25787834927.00,United States,1996,495467,Technology,Computer Software: Prepackaged Software
APA,APA Corporation Common Stock,$35.95,-1.06,-2.864%,11558349246.00,United States,,6512743,Energy,Oil & Gas Production
APLS,Apellis Pharmaceuticals Inc. Common Stock,$62.22,-1.39,-2.185%,6880010534.00,United States,2017,2610860,Health Care,Biotechnology: Pharmaceutical Preparations
APP,Applovin Corporation Class A Common Stock,$12.31,-0.47,-3.678%,4602385038.00,United States,2021,2316915,Technology,EDP Services
APPF,AppFolio Inc. Class A Common Stock,$116.66,-5.13,-4.212%,4129311009.00,United States,2015,114725,Technology,EDP Services
APPN,Appian Corporation Class A Common Stock,$39.75,-1.03,-2.526%,2895239944.00,United States,2017,633513,Technology,EDP Services
ARCB,ArcBest Corporation Common Stock,$96.57,-2.64,-2.661%,2339826688.00,United States,,205737,Industrials,Trucking Freight/Courier Services
ARCC,Ares Capital Corporation Common Stock,$17.67,-0.78,-4.228%,9389295372.00,United States,2004,9769492,Finance,Finance/Investors Services
ARGX,argenx SE American Depositary Shares,$341.30,-0.14,-0.041%,18936463601.00,Netherlands,2017,284638,Health Care,Biotechnology: Biological Products (No Diagnostic Substances)
ARLP,Alliance Resource Partners L.P. Common Units representing Limited Partners Interests,$19.23,-0.58,-2.928%,2445964061.00,United States,1999,567344,Energy,Coal Mining
ARRY,Array Technologies Inc. Common Stock,$19.40,-1.27,-6.144%,2919516030.00,United States,2020,4968574,Technology,Semiconductors
ARWR,Arrowhead Pharmaceuticals Inc. Common Stock,$26.31,-1.42,-5.121%,2849640389.00,United States,,2064065,Health Care,Biotechnology: Pharmaceutical Preparations
ASML,ASML Holding N.V. New York Registry Shares,$601.21,-3.53,-0.584%,237231210410.00,Netherlands,1995,1043549,Technology,Industrial Machinery/Components
ASND,Ascendis Pharma A/S American Depositary Shares,$106.21,-2.58,-2.372%,6070145252.00,Denmark,2015,408848,Health Care,Biotechnology: Pharmaceutical Preparations
ASO,Academy Sports and Outdoors Inc. Common Stock,$59.87,-1.14,-1.869%,4678534744.00,United States,2020,1514390,Consumer Discretionary,Recreational Games/Products/Toys
ATAT,Atour Lifestyle Holdings Limited American Depositary Shares,$23.49,-0.52,-2.166%,3063256155.00,China,2022,92685,Consumer Discretionary,Hotels/Resorts
ATVI,Activision Blizzard Inc. Common Stock,$77.97,-0.40,-0.51%,61021296122.00,United States,,5299208,Consumer Discretionary,Recreational Games/Products/Toys
AVAV,AeroVironment Inc. Common Stock,$90.54,-0.93,-1.017%,2277743391.00,United States,2007,254749,Industrials,Aerospace
AVGO,Broadcom Inc. Common Stock,$614.83,-7.69,-1.235%,256337176337.00,United States,2009,2609788,Technology,Semiconductors
AVT,Avnet Inc. Common Stock,$42.95,-0.89,-2.03%,3924748795.00,United States,,575087,Technology,Electronic Components
AXNX,Axonics Inc. Common Stock,$52.60,-1.98,-3.628%,2605276475.00,United States,2018,654325,Health Care,Medical/Dental Instruments
AXON,Axon Enterprise Inc. Common Stock,$213.00,-4.89,-2.244%,15158220402.00,United States,2001,598390,Consumer Discretionary,Military/Government/Technical
AXSM,Axsome Therapeutics Inc. Common Stock,$58.39,-3.58,-5.777%,2535653599.00,United States,2015,3279098,Health Care,Biotechnology: Pharmaceutical Preparations
AY,Atlantica Sustainable Infrastructure plc Ordinary Shares,$27.34,-0.83,-2.946%,3172947145.00,United Kingdom,2014,850155,Utilities,Electric Utilities: Central
AZN,AstraZeneca PLC American Depositary Shares,$64.19,0.09,0.14%,198965689016.00,United Kingdom,,5738644,Health Care,Biotechnology: Pharmaceutical Preparations
AZPN,Aspen Technology Inc. Common Stock,$214.12,-4.08,-1.87%,13868824761.00,United States,,179365,Technology,EDP Services
AZTA,Azenta Inc.,$40.75,-1.38,-3.276%,2815961594.00,United States,,1229542,Health Care,Medical/Dental Instruments
BANF,BancFirst Corporation Common Stock,$87.05,1.85,2.171%,2861817498.00,United States,1993,185273,Finance,Major Banks
BBIO,BridgeBio Pharma Inc. Common Stock,$14.06,-1.37,-8.879%,2101732864.00,United States,2019,4697375,Health Care,Biotechnology: Pharmaceutical Preparations
BCPC,Balchem Corporation Common Stock,$124.82,-2.43,-1.91%,4011105928.00,United States,,83893,Industrials,Industrial Specialties
BEAM,Beam Therapeutics Inc. Common Stock,$32.14,-2.67,-7.67%,2264872407.00,United States,2020,2669932,Health Care, Medicinal Chemicals and Botanical Products 
BECN,Beacon Roofing Supply Inc. Common Stock,$61.72,-2.93,-4.532%,4015623184.00,United States,2004,1110896,Consumer Discretionary,Wholesale Distributors
BGNE,BeiGene Ltd. American Depositary Shares,$216.24,-1.75,-0.803%,22517750194.00,Cayman Islands,2016,200169,Health Care,Biotechnology: Pharmaceutical Preparations
BHF,Brighthouse Financial Inc. Common Stock,$48.75,-3.09,-5.961%,3328555815.00,United States,,534098,Finance,Life Insurance
BIDU,Baidu Inc. ADS,$132.42,0.96,0.73%,45757798931.00,China,2005,3810056,Technology,Computer Software: Programming Data Processing
BIIB,Biogen Inc. Common Stock,$256.56,-2.43,-0.938%,37069237338.00,United States,,880684,Health Care,Biotechnology: Pharmaceutical Preparations
BILI,Bilibili Inc. American Depositary Shares,$19.73,1.11,5.961%,7967474846.00,China,2018,11208675,Technology,EDP Services
BKNG,Booking Holdings Inc. Common Stock,$2480.49,-24.90,-0.994%,96216689040.00,United States,,383640,Consumer Discretionary,Other Consumer Services
BKR,Baker Hughes Company Class A Common Stock,$29.07,-0.99,-3.293%,29396098684.00,United States,,6254167,Energy,Oilfield Services/Equipment
BL,BlackLine Inc. Common Stock,$60.51,-3.66,-5.704%,3617098585.00,United States,2016,896311,Technology,Computer Software: Prepackaged Software
BLKB,Blackbaud Inc. Common Stock,$55.22,-0.75,-1.34%,2930459909.00,United States,2004,541083,Technology,Computer Software: Prepackaged Software
BLMN,Bloomin' Brands Inc. Common Stock,$24.98,-0.66,-2.574%,2193085227.00,United States,2012,1558780,Consumer Discretionary,Restaurants
BMBL,Bumble Inc. Class A Common Stock,$19.52,0.14,0.722%,2531293810.00,United States,2021,3364229,Technology,Computer Software: Prepackaged Software
BMRN,BioMarin Pharmaceutical Inc. Common Stock,$90.49,-2.50,-2.688%,16817468318.00,United States,1999,1692384,Health Care,Biotechnology: Pharmaceutical Preparations
BNTX,BioNTech SE American Depositary Share,$127.45,0.16,0.126%,30930254357.00,Germany,2019,694394,Health Care,Biotechnology: Biological Products (No Diagnostic Substances)
BOKF,BOK Financial Corporation Common Stock,$94.42,-0.51,-0.537%,6322234222.00,United States,,367858,Finance,Major Banks
BPMC,Blueprint Medicines Corporation Common Stock,$42.00,-1.16,-2.688%,2519308386.00,United States,2015,729648,Health Care,Biotechnology: Pharmaceutical Preparations
BPOP,Popular Inc. Common Stock,$61.03,-0.97,-1.565%,4385232532.00,United States,,1423826,Finance,Major Banks
BRKR,Bruker Corporation Common Stock,$72.10,-1.55,-2.105%,10604664400.00,United States,,841185,Industrials,Biotechnology: Laboratory Analytical Instruments
BRZE,Braze Inc. Class A Common Stock,$30.33,-2.09,-6.447%,2902775233.00,United States,2021,495992,Technology,Computer Software: Prepackaged Software
BSY,Bentley Systems Incorporated Class B Common Stock,$38.28,-1.28,-3.236%,11039673054.00,United States,2020,769806,Technology,Retail: Computer Software & Peripheral Equipment
BZ,KANZHUN LIMITED American Depository Shares,$18.28,-0.20,-1.082%,7910626219.00,China,2021,2454658,Technology,Computer Software: Programming Data Processing
CACC,Credit Acceptance Corporation Common Stock,$416.51,-10.59,-2.48%,5345234436.00,United States,1992,118535,Finance,Finance: Consumer Services
CALM,Cal-Maine Foods Inc. Common Stock,$56.08,0.23,0.412%,2744002756.00,United States,1996,613731,Consumer Staples,Farming/Seeds/Milling
CAR,Avis Budget Group Inc. Common Stock,$191.84,-17.00,-8.14%,7572026859.00,United States,,837911,Consumer Discretionary,Rental/Leasing Companies
CARG,CarGurus Inc. Class A Common Stock ,$16.82,-0.27,-1.58%,2000493075.00,United States,2017,827378,,
CASY,Casey's General Stores Inc. Common Stock,$211.72,-6.05,-2.778%,7888395450.00,United States,1983,275919,Miscellaneous,Diversified Commercial Services
CATY,Cathay General Bancorp Common Stock,$38.51,-0.16,-0.414%,2801300235.00,United States,,615279,Finance,Major Banks
CBRL,Cracker Barrel Old Country Store Inc Common Stock,$106.24,-1.64,-1.52%,2358649326.00,United States,1981,550741,Consumer Discretionary,Restaurants
CBSH,Commerce Bancshares Inc. Common Stock,$60.63,-0.99,-1.607%,7578695433.00,United States,,846786,Finance,Major Banks
CCCS,CCC Intelligent Solutions Holdings Inc. Common Stock,$8.45,-0.20,-2.312%,5245011795.00,United States,,1340853,Technology,Computer Software: Prepackaged Software
CCEP,Coca-Cola Europacific Partners plc Ordinary Shares,$54.05,-0.06,-0.111%,24707005646.00,United Kingdom,,1318147,Consumer Staples,Beverages (Production/Distribution)
CCOI,Cogent Communications Holdings Inc.,$60.96,0.03,0.049%,2926692160.00,United States,,374513,Consumer Discretionary,Telecommunications Equipment
CD,Chindata Group Holdings Limited American Depositary Shares,$6.50,-0.06,-0.915%,2372029959.00,China,2020,843831,Finance,Investment Bankers/Brokers/Service
CDNS,Cadence Design Systems Inc. Common Stock,$195.67,-0.73,-0.372%,53406169800.00,United States,,2385299,Technology,Computer Software: Prepackaged Software
CDW,CDW Corporation Common Stock,$190.47,-5.74,-2.925%,25787920342.00,United States,2013,699082,Consumer Discretionary,Catalog/Specialty Distribution
CEG,Constellation Energy Corporation Common Stock ,$77.55,-1.09,-1.386%,25369015409.00,United States,,2895696,Utilities,Power Generation
CELH,Celsius Holdings Inc. Common Stock,$83.01,-3.99,-4.586%,6327453935.00,United States,,1134657,Consumer Staples,Beverages (Production/Distribution)
CENT,Central Garden & Pet Company Common Stock,$39.02,-0.47,-1.19%,2107290279.00,United States,1993,34567,,
CENTA,Central Garden & Pet Company Class A Common Stock Nonvoting,$37.29,-0.45,-1.192%,2013860956.00,United States,,147139,,
CERE,Cerevel Therapeutics Holdings Inc. Common Stock,$24.75,-1.07,-4.144%,3868983162.00,United States,2020,899165,Health Care,Biotechnology: Pharmaceutical Preparations
CERT,Certara Inc. Common Stock,$19.52,-1.54,-7.312%,3116816901.00,United States,2020,1821496,Technology,Retail: Computer Software & Peripheral Equipment
CFLT,Confluent Inc. Class A Common Stock,$21.79,-1.32,-5.712%,6240694394.00,United States,2021,5431849,Technology,EDP Services
CG,The Carlyle Group Inc. Common Stock,$30.26,-2.91,-8.773%,11021267364.00,United States,2012,6815970,Finance,Investment Managers
CGNX,Cognex Corporation Common Stock,$47.47,-0.80,-1.657%,8190295218.00,United States,1989,1354022,Industrials,Industrial Machinery/Components
CHDN,Churchill Downs Incorporated Common Stock,$239.27,-1.87,-0.775%,8949480174.00,United States,,332566,Consumer Discretionary,Services-Misc. Amusement & Recreation
CHK,Chesapeake Energy Corporation Common Stock,$75.18,-1.35,-1.764%,10071950004.00,United States,,1195479,Energy,Oil & Gas Production
CHKP,Check Point Software Technologies Ltd. Ordinary Shares,$125.03,-0.32,-0.255%,15680177715.00,Israel,1996,786101,Technology,Computer Software: Prepackaged Software
CHRD,Chord Energy Corporation Common Stock,$136.04,-2.30,-1.663%,5660107992.00,United States,,752027,Energy,Oil & Gas Production
CHRW,C.H. Robinson Worldwide Inc. Common Stock,$102.32,-1.03,-0.997%,11921346993.00,United States,1997,1526617,Consumer Discretionary,Oil Refining/Marketing
CHTR,Charter Communications Inc. Class A Common Stock New,$329.49,-13.52,-3.942%,67512229830.00,United States,,1465652,Consumer Discretionary,Telecommunications Equipment
CHX,ChampionX Corporation Common Stock ,$28.68,-0.28,-0.967%,5696904743.00,United States,,1717667,Industrials,Construction/Ag Equipment/Trucks
CIGI,Colliers International Group Inc. Subordinate Voting Shares,$108.56,-4.31,-3.819%,4681585515.00,Canada,,314407,,
CINF,Cincinnati Financial Corporation Common Stock,$112.57,-2.34,-2.036%,17684747000.00,United States,,960791,Finance,Property-Casualty Insurers
CLBK,Columbia Financial Inc. Common Stock,$19.28,-0.35,-1.783%,2100950777.00,United States,2018,316934,Finance,Commercial Banks
CMCSA,Comcast Corporation Class A Common Stock,$35.31,-0.16,-0.451%,148868948942.00,United States,,20413072,Consumer Discretionary,Telecommunications Equipment
CME,CME Group Inc. Class A Common Stock,$174.67,-2.80,-1.578%,62833710196.00,United States,2002,2024542,Finance,Investment Bankers/Brokers/Service
CNXC,Concentrix Corporation Common Stock,$128.48,-6.82,-5.041%,6689830773.00,United States,,399728,Technology,Computer Software: Prepackaged Software
COIN,Coinbase Global Inc. Class A Common Stock,$53.44,-4.65,-8.005%,13995936000.00,United States,,25698965,Finance,Investment Bankers/Brokers/Service
COKE,Coca-Cola Consolidated Inc. Common Stock,$523.62,-8.10,-1.523%,4908251034.00,United States,1972,39190,Consumer Staples,Beverages (Production/Distribution)
COLM,Columbia Sportswear Company Common Stock,$86.33,-1.24,-1.416%,5362269333.00,United States,1998,247444,Consumer Discretionary,Apparel
COOP,Mr. Cooper Group Inc. Common Stock,$41.80,-1.79,-4.106%,2895337443.00,United States,,1126632,Finance,Finance: Consumer Services
CORT,Corcept Therapeutics Incorporated Common Stock,$20.70,-0.44,-2.081%,2228351978.00,United States,2004,1029272,Health Care,Biotechnology: Pharmaceutical Preparations
COST,Costco Wholesale Corporation Common Stock,$471.14,-8.38,-1.748%,209058498021.00,United States,,2122191,Consumer Discretionary,Department/Specialty Retail Stores
CPRT,Copart Inc. (DE) Common Stock,$68.40,-1.24,-1.781%,32578920752.00,United States,1994,2049718,Consumer Discretionary,Other Specialty Stores
CROX,Crocs Inc. Common Stock,$115.32,-4.31,-3.603%,7121209734.00,United States,2006,1791800,Consumer Discretionary,Shoe Manufacturing
CRSP,CRISPR Therapeutics AG Common Shares,$43.22,-2.57,-5.613%,3383872688.00,Switzerland,2016,1761739,Health Care,Biotechnology: Biological Products (No Diagnostic Substances)
CRUS,Cirrus Logic Inc. Common Stock,$100.79,-1.07,-1.05%,5569369660.00,United States,1989,416577,Technology,Semiconductors
CRVL,CorVel Corp. Common Stock,$175.72,-1.71,-0.964%,3015176844.00,United States,,84355,Finance,Specialty Insurers
CRWD,CrowdStrike Holdings Inc. Class A Common Stock,$119.72,-1.96,-1.611%,28061625736.00,United States,2019,8040138,Technology,EDP Services
CSCO,Cisco Systems Inc. Common Stock (DE),$48.56,-0.25,-0.512%,199489484739.00,United States,1990,16337520,Telecommunications,Computer Communications Equipment
CSGP,CoStar Group Inc. Common Stock,$67.08,-1.79,-2.599%,27280769225.00,United States,1998,2120316,Finance,Real Estate
CSIQ,Canadian Solar Inc. Common Shares (ON),$39.25,-2.16,-5.216%,2522551224.00,Canada,2006,1464984,,
CSQ,Calamos Strategic Total Return Common Stock,$13.47,-0.25,-1.822%,2140216268.00,United States,2004,142523,Finance,Finance Companies
CSWI,CSW Industrials Inc. Common Stock,$136.67,-4.14,-2.94%,2114958000.00,United States,,80531,Industrials,Home Furnishings
CSX,CSX Corporation Common Stock,$29.49,-0.27,-0.907%,60826234249.00,United States,,18598769,Industrials,Railroads
CTAS,Cintas Corporation Common Stock,$428.30,-5.97,-1.375%,43524051156.00,United States,1983,310595,Consumer Discretionary,Business Services
CTSH,Cognizant Technology Solutions Corporation Class A Common Stock,$60.38,-0.53,-0.87%,30751209035.00,United States,1998,10746991,Technology,EDP Services
CVBF,CVB Financial Corporation Common Stock,$21.61,0.16,0.746%,3021482172.00,United States,,1749011,Finance,Major Banks
CVCO,Cavco Industries Inc. Common Stock When Issued,$284.53,-5.04,-1.741%,2473618176.00,United States,,67328,Consumer Discretionary,Homebuilding
CVLT,Commvault Systems Inc. Common Stock,$55.48,-1.32,-2.324%,2471817361.00,United States,2006,302796,Technology,Computer Software: Prepackaged Software
CVT,Cvent Holding Corp. Common Stock,$7.19,0.00,0.00%,3508154147.00,United States,1987,498405,Technology,Computer Software: Prepackaged Software
CWST,Casella Waste Systems Inc. Class A Common Stock,$75.41,-2.50,-3.209%,3898992155.00,United States,1997,248359,Utilities,Environmental Services
CYBR,CyberArk Software Ltd. Ordinary Shares,$139.76,-3.99,-2.776%,5690514141.00,Israel,2014,420542,Technology,Computer Software: Prepackaged Software
CYTK,Cytokinetics Incorporated Common Stock,$35.60,-1.26,-3.418%,3368863636.00,United States,2004,1812035,Health Care,Biotechnology: Pharmaceutical Preparations
CZR,Caesars Entertainment Inc. Common Stock,$47.31,-2.00,-4.056%,10151122428.00,United States,,4107096,Consumer Discretionary,Hotels/Resorts
DADA,Dada Nexus Limited American Depositary Shares,$8.62,-0.33,-3.687%,2203178085.00,China,2020,3274765,Consumer Discretionary,Department/Specialty Retail Stores
DBX,Dropbox Inc. Class A Common Stock,$19.12,-0.49,-2.499%,6935519547.00,United States,2018,3365913,Technology,Computer Software: Prepackaged Software
DCT,Duck Creek Technologies Inc. Common Stock,$18.90,-0.02,-0.106%,2511587150.00,United States,2020,5671071,Technology,Retail: Computer Software & Peripheral Equipment
DDOG,Datadog Inc. Class A Common Stock,$65.14,-4.77,-6.823%,20685847847.00,United States,2019,12580630,Technology,EDP Services
DIOD,Diodes Incorporated Common Stock,$88.24,-2.36,-2.605%,4013750202.00,United States,,150635,Technology,Semiconductors
DISH,DISH Network Corporation Class A Common Stock,$10.53,-0.76,-6.732%,5588339140.00,United States,1995,9481431,Consumer Discretionary,Telecommunications Equipment
DKNG,DraftKings Inc. Class A Common Stock,$18.55,-0.19,-1.014%,8377741471.00,United States,2019,14635538,Consumer Discretionary,Services-Misc. Amusement & Recreation
DLO,DLocal Limited Class A Common Shares,$14.05,-0.97,-6.458%,4158590529.00,Uruguay,2021,1755006,Consumer Discretionary,Business Services
DLTR,Dollar Tree Inc. Common Stock,$140.29,0.65,0.465%,31029970559.00,United States,1995,1879957,Consumer Discretionary,Department/Specialty Retail Stores
DNLI,Denali Therapeutics Inc. Common Stock,$23.22,-0.92,-3.811%,3153593371.00,United States,2017,1317812,Health Care,Biotechnology: Biological Products (No Diagnostic Substances)
DNUT,Krispy Kreme Inc. Common Stock,$13.30,-0.15,-1.115%,2236222100.00,United States,2021,762656,Consumer Discretionary,Specialty Foods
DOCU,DocuSign Inc. Common Stock,$49.69,-14.72,-22.854%,9991374414.00,United States,2018,29021930,Technology,EDP Services
DOOO,BRP Inc. (Recreational Products) Common Subordinate Voting Shares,$79.06,-2.44,-2.994%,6225616621.00,Canada,,86768,,
DORM,Dorman Products Inc. Common Stock,$83.45,-1.38,-1.627%,2621880084.00,United States,,172349,Consumer Discretionary,Auto Parts:O.E.M.
DOX,Amdocs Limited Ordinary Shares,$90.73,-0.39,-0.428%,10940949240.00,Guernsey,,866088,Technology,EDP Services
DRS,Leonardo DRS Inc. Common Stock,$12.54,-0.33,-2.564%,3262748240.00,Israel,,609771,Industrials,Military/Government/Technical
DRVN,Driven Brands Holdings Inc. Common Stock,$27.30,-0.86,-3.054%,4570130483.00,United States,2021,352768,,
DSEY,Diversey Holdings Ltd. Ordinary Shares,$8.11,-0.03,-0.369%,2630202460.00,United States,2021,7643604,Consumer Discretionary,Specialty Chemicals
DSGX,Descartes Systems Group Inc. (The) Common Stock,$74.63,-0.65,-0.863%,6329966892.00,Canada,,125782,,
DUOL,Duolingo Inc. Class A Common Stock,$117.78,-3.63,-2.99%,4731191624.00,United States,2021,527421,Technology,Computer Software: Prepackaged Software
DXCM,DexCom Inc. Common Stock,$107.77,-4.31,-3.845%,41643803371.00,United States,2005,3014348,Health Care,Medical Specialities
EA,Electronic Arts Inc. Common Stock,$109.19,-1.27,-1.15%,29942911207.00,United States,,2898243,Consumer Discretionary,Recreational Games/Products/Toys
EBAY,eBay Inc. Common Stock,$42.04,-0.91,-2.119%,22813388017.00,United States,1998,4526740,Consumer Discretionary,Catalog/Specialty Distribution
EBC,Eastern Bankshares Inc. Common Stock,$13.81,-0.45,-3.156%,2432936328.00,United States,2020,2811760,Finance,Major Banks
EEFT,Euronet Worldwide Inc. Common Stock,$101.17,-4.13,-3.922%,5017412536.00,United States,1997,476224,Technology,EDP Services
ENPH,Enphase Energy Inc. Common Stock,$210.22,-5.63,-2.608%,28694487212.00,United States,2012,3673822,Technology,Electrical Products
ENSG,The Ensign Group Inc. Common Stock,$87.59,-1.27,-1.429%,4881575865.00,United States,2007,243826,Health Care,Hospital/Nursing Management
ENTG,Entegris Inc. Common Stock,$79.17,-3.37,-4.083%,11799068015.00,United States,2000,1352722,Technology,Semiconductors
EQIX,Equinix Inc. Common Stock REIT,$665.63,-17.25,-2.526%,61733663314.00,United States,2000,477144,Real Estate,Real Estate Investment Trusts
ERIC,Ericsson American Depositary Shares,$5.41,-0.13,-2.347%,18015249655.00,Sweden,,8050534,Technology,Computer Software: Prepackaged Software
ERIE,Erie Indemnity Company Class A Common Stock,$226.81,-2.85,-1.241%,11859864961.00,United States,,64167,Finance,Specialty Insurers
ESGR,Enstar Group Limited Ordinary Shares,$231.58,0.09,0.039%,3703162664.00,Bermuda,,44869,Finance,Property-Casualty Insurers
ESLT,Elbit Systems Ltd. Ordinary Shares,$174.93,-2.53,-1.426%,7757240062.00,Israel,,51500,Industrials,Military/Government/Technical
ETSY,Etsy Inc. Common Stock,$105.98,-1.76,-1.634%,13320447730.00,United States,2015,4761082,Consumer Discretionary,Catalog/Specialty Distribution
EVO,Evotec SE American Depositary Shares,$8.9876,0.0076,0.085%,3180759328.00,Germany,2021,1438,Health Care,Biotechnology: Pharmaceutical Preparations
EVRG,Evergy Inc. Common Stock,$57.56,-1.22,-2.076%,13212114321.00,United States,,1182522,Utilities,Power Generation
EWBC,East West Bancorp Inc. Common Stock,$62.71,-4.08,-6.109%,8838849080.00,United States,,3139735,Finance,Commercial Banks
EXAS,Exact Sciences Corporation Common Stock,$61.99,-2.73,-4.218%,11014633578.00,United States,2001,2609969,Health Care,Biotechnology: Commercial Physical & Biological Resarch
EXC,Exelon Corporation Common Stock,$40.18,-0.41,-1.01%,39944020088.00,United States,,6166228,Utilities,Power Generation
EXEL,Exelixis Inc. Common Stock,$16.68,0.01,0.06%,5405776781.00,United States,2000,5563261,Health Care,Biotechnology: Commercial Physical & Biological Resarch
EXLS,ExlService Holdings Inc. Common Stock,$153.09,-3.85,-2.453%,5061861298.00,United States,2006,380401,Technology,Retail: Computer Software & Peripheral Equipment
EXPD,Expeditors International of Washington Inc. Common Stock,$107.39,-2.92,-2.647%,17089656278.00,United States,,1559676,Consumer Discretionary,Oil Refining/Marketing
EXPE,Expedia Group Inc. Common Stock,$98.29,-2.51,-2.49%,15072607749.00,United States,,2650759,Consumer Discretionary,Other Consumer Services
EXPO,Exponent Inc. Common Stock,$100.02,-1.93,-1.893%,5064835665.00,United States,,194441,Consumer Discretionary,Professional Services
EXTR,Extreme Networks Inc. Common Stock,$17.57,-0.05,-0.284%,2269735260.00,United States,1999,1096437,Telecommunications,Telecommunications Equipment
FANG,Diamondback Energy Inc. Common Stock,$135.91,-4.03,-2.88%,24724553800.00,United States,2012,2090804,Energy,Oil & Gas Production
FAST,Fastenal Company Common Stock,$51.52,-0.58,-1.113%,29409346299.00,United States,1987,4109845,Basic Materials,Construction Materials
FCFS,FirstCash Holdings Inc. Common Stock,$88.21,0.04,0.045%,4083519820.00,United States,1991,322634,Miscellaneous,Diversified Commercial Services
FCNCA,First Citizens BancShares Inc. Class A Common Stock,$616.18,-26.49,-4.122%,8938430316.00,United States,,358779,Finance,Major Banks
FELE,Franklin Electric Co. Inc. Common Stock,$90.76,-1.61,-1.743%,4203870237.00,United States,,174393,Consumer Discretionary,Metal Fabrications
FFBC,First Financial Bancorp. Common Stock,$22.15,-0.02,-0.09%,2101837843.00,United States,,536752,Finance,Major Banks
FFIN,First Financial Bankshares Inc. Common Stock,$32.88,-0.30,-0.904%,4690590798.00,United States,,1055532,Finance,Major Banks
FFIV,F5 Inc. Common Stock,$138.50,-2.77,-1.961%,8326708917.00,United States,1999,551068,Technology,EDP Services
FHB,First Hawaiian Inc. Common Stock,$23.03,-0.83,-3.479%,2933177421.00,United States,2016,1906683,Finance,Major Banks
FIBK,First Interstate BancSystem Inc. Class A Common Stock,$31.74,-0.20,-0.626%,3314989080.00,United States,2010,1312577,Finance,Major Banks
FISV,Fiserv Inc. Common Stock,$111.83,-3.58,-3.102%,71015189739.00,United States,1986,4708065,Consumer Discretionary,Business Services
FITB,Fifth Third Bancorp Common Stock,$30.37,-1.32,-4.165%,20754432820.00,United States,,16479359,Finance,Major Banks
FIVE,Five Below Inc. Common Stock,$196.04,-3.49,-1.749%,10882903788.00,United States,2012,725819,Consumer Discretionary,Department/Specialty Retail Stores
FIVN,Five9 Inc. Common Stock,$61.87,-1.80,-2.827%,4362168727.00,United States,2014,1511246,Technology,EDP Services
FIZZ,National Beverage Corp. Common Stock,$47.38,1.05,2.266%,4423062581.00,United States,,312074,Consumer Staples,Beverages (Production/Distribution)
FLEX,Flex Ltd. Ordinary Shares,$21.65,-0.67,-3.002%,9765903996.00,Singapore,1994,3534692,Technology,Electrical Products
FLNC,Fluence Energy Inc. Class A Common Stock,$18.08,-1.47,-7.519%,3097405303.00,United States,2021,1225206,Utilities,Power Generation
FLYW,Flywire Corporation Voting Common Stock,$24.78,-1.45,-5.528%,2701007486.00,United States,2021,986529,Technology,EDP Services
FOCS,Focus Financial Partners Inc. Class A Common Stock,$51.33,-0.26,-0.504%,3384492929.00,United States,2018,3787908,Finance,Investment Managers
FOLD,Amicus Therapeutics Inc. Common Stock,$11.44,-0.18,-1.549%,3214013626.00,United States,2007,3393850,Health Care,Biotechnology: Pharmaceutical Preparations
FORM,FormFactor Inc. FormFactor Inc. Common Stock,$28.40,-0.47,-1.628%,2187512925.00,United States,2003,569874,Technology,Semiconductors
FOX,Fox Corporation Class B Common Stock,$30.51,-0.12,-0.392%,16309474019.00,United States,,1047818,Industrials,Broadcasting
FOXA,Fox Corporation Class A Common Stock,$33.14,-0.13,-0.391%,17715370993.00,United States,,3165848,Industrials,Broadcasting
FOXF,Fox Factory Holding Corp. Common Stock,$113.96,-3.87,-3.284%,4816800083.00,United States,2013,287402,Consumer Discretionary,Auto Parts:O.E.M.
FRHC,Freedom Holding Corp. Common Stock,$70.25,-1.04,-1.459%,4182840393.00,Kazakhstan,,230751,Finance,Investment Bankers/Brokers/Service
FRME,First Merchants Corporation Common Stock,$37.39,0.15,0.403%,2212388098.00,United States,,348629,Finance,Major Banks
FRPT,Freshpet Inc. Common Stock,$56.78,-3.01,-5.034%,2726579575.00,United States,2014,1084845,,
FRSH,Freshworks Inc. Class A Common Stock,$13.64,-0.98,-6.703%,3927185834.00,United States,2021,2454272,Technology,EDP Services
FSLR,First Solar Inc. Common Stock,$207.73,-3.52,-1.666%,22145183365.00,United States,2006,2551203,Technology,Semiconductors
FSV,FirstService Corporation Common Shares,$133.29,-2.44,-1.798%,5893274863.00,Canada,,51988,,
FTAI,FTAI Aviation Ltd. Common Stock,$23.82,-0.97,-3.913%,2374001792.00,United States,,871454,Consumer Discretionary,Diversified Commercial Services
FTDR,Frontdoor Inc. Common Stock,$25.74,-1.26,-4.667%,2097623668.00,United States,,786011,Consumer Discretionary,Other Consumer Services
FTNT,Fortinet Inc. Common Stock,$58.76,-1.19,-1.985%,46328245517.00,United States,2009,4381606,Technology,Security Systems Services
FULT,Fulton Financial Corporation Common Stock,$15.44,-0.10,-0.644%,2587728560.00,United States,,2300027,Finance,Major Banks
FUTU,Futu Holdings Limited American Depositary Shares,$45.33,-0.62,-1.349%,6364716580.00,Hong Kong,2019,2195648,Finance,Investment Bankers/Brokers/Service
FWONA,Liberty Media Corporation Series A Liberty Formula One Common Stock,$61.29,-0.64,-1.033%,14330955038.00,United States,,241659,Consumer Discretionary,Movies/Entertainment
FWONK,Liberty Media Corporation Series C Liberty Formula One Common Stock,$68.05,-0.62,-0.903%,15911592272.00,United States,,857013,Consumer Discretionary,Movies/Entertainment
FWRD,Forward Air Corporation Common Stock,$105.34,-1.79,-1.671%,2800958682.00,United States,,183211,Consumer Discretionary,Oil Refining/Marketing
FYBR,Frontier Communications Parent Inc. Common Stock,$24.34,-1.29,-5.033%,5963397360.00,United States,,1773906,Consumer Discretionary,Telecommunications Equipment
GBDC,Golub Capital BDC Inc. Common Stock,$12.60,-0.56,-4.255%,2153285442.00,United States,2010,1858649,Finance,Investment Managers
GDRX,GoodRx Holdings Inc. Class A Common Stock,$5.76,0.27,4.918%,2282052591.00,United States,2020,3224451,Technology,Retail: Computer Software & Peripheral Equipment
GDS,GDS Holdings Limited ADS,$15.52,-0.24,-1.523%,2957399989.00,China,2016,1480680,Technology,Computer Software: Programming Data Processing
GEHC,GE HealthCare Technologies Inc. Common Stock ,$74.97,-1.41,-1.846%,34089609000.00,United States,,3388566,Technology,Computer Software: Prepackaged Software
GEN,Gen Digital Inc. Common Stock,$16.61,-1.13,-6.37%,10615940497.00,United States,,9982514,Technology,Computer Software: Prepackaged Software
GFS,GlobalFoundries Inc. Ordinary Shares,$64.20,-2.20,-3.313%,34993715233.00,United States,2021,1010295,Technology,Semiconductors
GH,Guardant Health Inc. Common Stock,$25.01,-1.93,-7.164%,2561928587.00,United States,2018,3229071,Health Care,Medical Specialities
GILD,Gilead Sciences Inc. Common Stock,$79.50,0.55,0.697%,99136500000.00,United States,1992,6203778,Health Care,Biotechnology: Pharmaceutical Preparations
GLBE,Global-E Online Ltd. Ordinary Shares,$25.76,-1.19,-4.416%,4030654835.00,Israel,2021,1428446,Technology,Computer Software: Prepackaged Software
GLNG,Golar Lng Ltd,$22.21,-0.14,-0.626%,2386397870.00,Bermuda,,1259867,Energy,Oilfield Services/Equipment
GLPG,Galapagos NV American Depositary Shares,$37.50,-0.12,-0.319%,2468831663.00,Belgium,2015,496474,Health Care,Biotechnology: Pharmaceutical Preparations
GLPI,Gaming and Leisure Properties Inc. Common Stock,$50.50,-1.19,-2.302%,13004604713.00,United States,,1742132,Real Estate,Real Estate Investment Trusts
GMAB,Genmab A/S ADS,$34.88,-0.19,-0.542%,23007396662.00,Denmark,2019,678165,Health Care,Biotechnology: Commercial Physical & Biological Resarch
GNTX,Gentex Corporation Common Stock,$26.94,-0.63,-2.285%,6319643013.00,United States,,1038417,Consumer Discretionary,Auto Parts:O.E.M.
GO,Grocery Outlet Holding Corp. Common Stock,$26.70,-0.49,-1.802%,2597348686.00,United States,2019,1021198,Consumer Discretionary,Specialty Foods
GOOG,Alphabet Inc. Class C Capital Stock,$91.01,-1.65,-1.781%,1165565070000.00,United States,2004,32831288,Technology,Internet and Information Services
GOOGL,Alphabet Inc. Class A Common Stock,$90.63,-1.69,-1.831%,1160698410000.00,United States,2004,35926281,Technology,Internet and Information Services
GRAB,Grab Holdings Limited Class A Ordinary Shares,$2.85,-0.14,-4.682%,10976284449.00,Singapore,,15447946,Consumer Discretionary,Business Services
GRFS,Grifols S.A. American Depositary Shares,$7.63,0.01,0.131%,5180088595.00,Spain,,1197025,Health Care,Biotechnology: Pharmaceutical Preparations
GT,The Goodyear Tire & Rubber Company Common Stock,$10.88,-0.40,-3.546%,3079160278.00,United States,,7702703,Consumer Discretionary,Automotive Aftermarket
GTLB,GitLab Inc. Class A Common Stock,$44.355,-3.015,-6.365%,6639943500.00,United States,2021,2483906,Technology,EDP Services
HALO,Halozyme Therapeutics Inc. Common Stock,$41.63,-1.11,-2.597%,5628919605.00,United States,,1124535,Health Care,Biotechnology: Biological Products (No Diagnostic Substances)
HAS,Hasbro Inc. Common Stock,$49.21,-2.00,-3.905%,6796576260.00,United States,,2385139,Consumer Discretionary,Recreational Games/Products/Toys
HBAN,Huntington Bancshares Incorporated Common Stock,$13.37,-0.37,-2.693%,19293135739.00,United States,,43245378,Finance,Major Banks
HCM,HUTCHMED (China) Limited American Depositary Shares,$14.20,-0.91,-6.023%,2455961966.00,Hong Kong,2016,186199,Health Care,Biotechnology: Pharmaceutical Preparations
HCP,HashiCorp Inc. Class A Common Stock,$27.93,-1.80,-6.054%,5249951938.00,United States,2021,2564006,Technology,EDP Services
HELE,Helen of Troy Limited Common Stock,$102.20,-1.93,-1.853%,2452010812.00,Bermuda,,584711,Consumer Discretionary,Home Furnishings
HLNE,Hamilton Lane Incorporated Class A Common Stock,$65.44,-7.85,-10.711%,2478113724.00,United States,2017,875248,Finance,Investment Managers
HOLX,Hologic Inc. Common Stock,$77.68,-0.81,-1.032%,19152316740.00,United States,1990,952803,Health Care,Medical Electronics
HON,Honeywell International Inc. Common Stock,$193.33,0.45,0.233%,129171554919.00,United States,,3667139,Industrials,Consumer Electronics/Appliances
HOOD,Robinhood Markets Inc. Class A Common Stock,$9.01,-0.43,-4.555%,8043691655.00,United States,2021,12775075,Technology,Computer Software: Prepackaged Software
HPK,HighPeak Energy Inc. Common Stock,$22.76,-1.44,-5.95%,2575585943.00,United States,,597058,Energy,Oil & Gas Production
HQY,HealthEquity Inc. Common Stock,$61.68,-4.81,-7.234%,5220584653.00,United States,2014,1473741,Health Care,Managed Health Care
HRMY,Harmony Biosciences Holdings Inc. Common Stock,$41.26,-1.46,-3.418%,2447442278.00,United States,2020,609057,Health Care,Biotechnology: Pharmaceutical Preparations
HSAI,Hesai Group American Depositary Share each ADS represents one Class B ordinary share,$19.00,-0.02,-0.105%,2385157267.00,China,2023,474797,,
HSIC,Henry Schein Inc. Common Stock,$77.04,-0.21,-0.272%,10114081996.00,United States,1995,959238,Health Care,Medical Specialities
HST,Host Hotels & Resorts Inc. Common Stock,$15.90,-0.20,-1.242%,11343060000.00,United States,,11332546,Real Estate,Real Estate Investment Trusts
HTHT,H World Group Limited American Depositary Shares,$48.31,0.52,1.088%,15381145050.00,China,2010,1528576,Consumer Discretionary,Hotels/Resorts
HTZ,Hertz Global Holdings Inc Common Stock,$17.21,-1.27,-6.872%,5548649975.00,United States,,5539150,Consumer Discretionary,Rental/Leasing Companies
HUBG,Hub Group Inc. Class A Common Stock,$88.45,-2.18,-2.405%,2938443798.00,United States,1996,153299,Consumer Discretionary,Oil Refining/Marketing
HWC,Hancock Whitney Corporation Common Stock,$42.48,-0.76,-1.758%,3650773680.00,United States,,1174407,Finance,Major Banks
HZNP,Horizon Therapeutics Public Limited Company Ordinary Shares,$110.04,0.39,0.356%,25132191967.00,Ireland,2011,892689,Health Care,Biotechnology: Pharmaceutical Preparations
IAC,IAC Inc. Common Stock,$49.02,-1.34,-2.661%,4357878000.00,United States,,955612,Consumer Discretionary,EDP Services
IART,Integra LifeSciences Holdings Corporation Common Stock,$52.87,-0.74,-1.38%,4415605278.00,United States,,758959,Health Care,Medical/Dental Instruments
IBKR,Interactive Brokers Group Inc. Class A Common Stock,$80.29,-5.24,-6.127%,8259608938.00,United States,2019,2375459,Finance,Investment Bankers/Brokers/Service
IBOC,International Bancshares Corporation Common Stock,$45.04,0.16,0.357%,2797605822.00,United States,,509454,Finance,Major Banks
IBTX,Independent Bank Group Inc Common Stock,$52.96,0.63,1.204%,2181458254.00,United States,2013,368423,Finance,Major Banks
ICFI,ICF International Inc. Common Stock,$106.22,-1.36,-1.264%,2001598527.00,United States,2006,70553,Consumer Discretionary,Professional Services
ICLR,ICON plc Ordinary Shares,$213.91,-7.69,-3.47%,17464741631.00,Ireland,1998,807503,Health Care,Biotechnology: Commercial Physical & Biological Resarch
ICUI,ICU Medical Inc. Common Stock,$153.15,-1.82,-1.174%,3672780202.00,United States,1992,178139,Health Care,Medical/Dental Instruments
IDCC,InterDigital Inc. Common Stock,$73.60,-0.26,-0.352%,2183568038.00,United States,,300395,Telecommunications,Telecommunications Equipment
IDXX,IDEXX Laboratories Inc. Common Stock,$454.86,-17.42,-3.688%,37709427333.00,United States,1991,456301,Health Care,Biotechnology: In Vitro & In Vivo Diagnostic Substances
IEP,Icahn Enterprises L.P. Common Stock,$50.40,-0.55,-1.079%,17008687130.00,United States,,2235691,Energy,Integrated oil Companies
ILMN,Illumina Inc. Common Stock,$194.01,-8.58,-4.235%,30653580000.00,United States,2000,945484,Health Care,Medical Specialities
IMCR,Immunocore Holdings plc American Depositary Shares,$51.39,-1.60,-3.019%,2461835843.00,United Kingdom,2021,490368,Health Care,Biotechnology: Biological Products (No Diagnostic Substances)
INCY,Incyte Corp. Common Stock,$72.01,-0.85,-1.167%,16055710946.00,United States,,1514267,Health Care,Biotechnology: Commercial Physical & Biological Resarch
INDB,Independent Bank Corp. Common Stock,$70.59,-0.66,-0.926%,3221814990.00,United States,,658815,Finance,Major Banks
INMD,InMode Ltd. Ordinary Shares,$31.11,-1.40,-4.306%,2584336228.00,Israel,2019,1660715,Health Care,Biotechnology: Electromedical & Electrotherapeutic Apparatus
INSM,Insmed Incorporated Common Stock,$17.98,-1.02,-5.368%,2435873026.00,United States,,2109149,Health Care,Biotechnology: Pharmaceutical Preparations
INTA,Intapp Inc. Common Stock,$38.73,-1.52,-3.776%,2469107369.00,United States,2021,362025,Technology,Computer Software: Prepackaged Software
INTC,Intel Corporation Common Stock,$27.22,0.78,2.95%,112609140000.00,United States,,65168800,Technology,Semiconductors
INTU,Intuit Inc. Common Stock,$392.61,-11.97,-2.959%,110294101664.00,United States,1993,2855248,Technology,Computer Software: Prepackaged Software
IONS,Ionis Pharmaceuticals Inc. Common Stock,$33.96,-0.80,-2.301%,4824029411.00,United States,,765372,Health Care,Biotechnology: Pharmaceutical Preparations
IOSP,Innospec Inc. Common Stock,$101.31,-2.84,-2.727%,5017858365.00,United States,,99465,Industrials,Industrial Specialties
IPAR,Inter Parfums Inc. Common Stock,$133.73,-0.07,-0.052%,4262727331.00,United States,,211308,Consumer Discretionary,Package Goods/Cosmetics
IPGP,IPG Photonics Corporation Common Stock,$118.13,-2.66,-2.202%,5686572299.00,United States,2006,236201,Technology,Semiconductors
IQ,iQIYI Inc. American Depositary Shares,$7.31,0.12,1.669%,6917589478.00,China,2018,9881842,Technology,Internet and Information Services
IRDM,Iridium Communications Inc Common Stock,$58.69,-0.70,-1.179%,7392986973.00,United States,,794369,Consumer Discretionary,Telecommunications Equipment
IRTC,iRhythm Technologies Inc. Common Stock,$107.27,-8.04,-6.973%,3229993883.00,United States,2016,728179,Health Care,Medical/Dental Instruments
ISEE,IVERIC bio Inc. Common Stock,$21.56,-1.22,-5.356%,2890609611.00,United States,2013,3092964,Health Care,Biotechnology: Pharmaceutical Preparations
ISRG,Intuitive Surgical Inc. Common Stock,$224.75,-3.82,-1.671%,78750080355.00,United States,2000,1778469,Health Care,Medical/Dental Instruments
ITCI,Intra-Cellular Therapies Inc. Common Stock,$44.00,-0.24,-0.542%,4167022376.00,United States,,895601,Health Care,Biotechnology: Pharmaceutical Preparations
ITRI,Itron Inc. Common Stock,$52.825,-1.095,-2.031%,2386527480.00,United States,1993,368737,Industrials,Electrical Products
JAMF,Jamf Holding Corp. Common Stock,$19.19,-0.52,-2.638%,2329422997.00,United States,2020,1046724,Technology,Computer Software: Prepackaged Software
JAZZ,Jazz Pharmaceuticals plc Common Stock (Ireland),$134.06,-3.69,-2.679%,8441264859.00,Ireland,2007,648261,Health Care,Biotechnology: Pharmaceutical Preparations
JBHT,J.B. Hunt Transport Services Inc. Common Stock,$175.45,-4.16,-2.316%,18201709350.00,United States,,783602,Industrials,Trucking Freight/Courier Services
JBLU,JetBlue Airways Corporation Common Stock,$7.53,-0.14,-1.825%,2438798433.00,United States,2002,12883159,Consumer Discretionary,Air Freight/Delivery Services
JD,JD.com Inc. American Depositary Shares,$40.47,-1.21,-2.903%,63355785000.00,China,2014,15467919,Consumer Discretionary,Catalog/Specialty Distribution
JJSF,J & J Snack Foods Corp. Common Stock,$139.46,-1.53,-1.085%,2681722362.00,United States,1986,63285,Consumer Staples,Specialty Foods
JKHY,Jack Henry & Associates Inc. Common Stock,$158.08,-4.73,-2.905%,11538374124.00,United States,1985,638227,Technology,Retail: Computer Software & Peripheral Equipment
KDP,Keurig Dr Pepper Inc. Common Stock,$34.32,-0.24,-0.694%,48605744856.00,United States,,6530140,Consumer Staples,Beverages (Production/Distribution)
KHC,The Kraft Heinz Company Common Stock,$37.94,0.15,0.397%,46476628123.00,United States,,5349458,Consumer Staples,Farming/Seeds/Milling
KLAC,KLA Corporation Common Stock,$367.51,-10.96,-2.896%,50892698068.00,United States,1980,1141868,Technology,Electronic Components
KLIC,Kulicke and Soffa Industries Inc. Common Stock,$51.37,-0.81,-1.552%,2912056344.00,Singapore,,474103,Technology,Semiconductors
KRTX,Karuna Therapeutics Inc. Common Stock,$179.07,-8.74,-4.654%,6153342477.00,United States,2019,425508,Health Care,Biotechnology: Pharmaceutical Preparations
LAMR,Lamar Advertising Company Class A Common Stock,$98.19,-2.79,-2.763%,9984299919.00,United States,1996,494231,Real Estate,Real Estate Investment Trusts
LANC,Lancaster Colony Corporation Common Stock,$186.59,-2.19,-1.16%,5144472890.00,United States,,116880,Consumer Staples,Packaged Foods
LAZR,Luminar Technologies Inc.  Class A Common Stock,$8.43,-0.68,-7.464%,3058048684.00,United States,2019,12164488,Consumer Discretionary,Auto Parts:O.E.M.
LBRDA,Liberty Broadband Corporation Class A Common Stock,$76.67,-3.59,-4.473%,11216788415.00,United States,,222537,Consumer Discretionary,Telecommunications Equipment
LBRDK,Liberty Broadband Corporation Class C Common Stock,$76.79,-3.40,-4.24%,11234344364.00,United States,,982292,Consumer Discretionary,Telecommunications Equipment
LBTYA,Liberty Global plc Class A Ordinary Shares,$18.51,-0.32,-1.699%,8510025291.00,United Kingdom,,1438012,Telecommunications,Cable & Other Pay Television Services
LBTYB,Liberty Global plc Class B Ordinary Shares,$21.46,0.00,0.00%,9866296204.00,United Kingdom,,17,Telecommunications,Cable & Other Pay Television Services
LBTYK,Liberty Global plc Class C Ordinary Shares,$19.39,-0.31,-1.574%,8914607800.00,United Kingdom,,1958807,Telecommunications,Cable & Other Pay Television Services
LCID,Lucid Group Inc. Common Stock,$7.87,-0.13,-1.625%,14388801298.00,United States,,16693137,Consumer Discretionary,Auto Manufacturing
LECO,Lincoln Electric Holdings Inc. Common Shares,$166.53,-4.80,-2.802%,9615175752.00,United States,,436764,Industrials,Industrial Machinery/Components
LEGN,Legend Biotech Corporation American Depositary Shares,$43.42,-1.47,-3.275%,7268629229.00,United States,2020,680294,Health Care,Biotechnology: Pharmaceutical Preparations
LESL,Leslie's Inc. Common Stock,$12.06,-0.37,-2.977%,2214945087.00,United States,2020,12862309,Miscellaneous,Diversified Commercial Services
LFST,LifeStance Health Group Inc. Common Stock,$5.70,-0.09,-1.554%,2143122514.00,United States,2021,668449,Health Care,Hospital/Nursing Management
LFUS,Littelfuse Inc. Common Stock,$260.40,-4.17,-1.576%,6451107155.00,United States,,79803,Technology,Electronic Components
LGIH,LGI Homes Inc. Common Stock,$99.77,-2.855,-2.782%,2323671834.00,United States,2013,216214,Consumer Discretionary,Homebuilding
LI,Li Auto Inc. American Depositary Shares,$21.37,-0.06,-0.28%,20851821330.00,China,2020,7358109,Consumer Discretionary,Auto Manufacturing
LIFW,MSP Recovery Inc. Class A Common Stock,$1.0063,-0.0637,-5.953%,3242862854.00,United States,2020,191889,Technology,Computer Software: Prepackaged Software
LITE,Lumentum Holdings Inc. Common Stock,$51.54,-0.93,-1.772%,3530490000.00,United States,,1181265,Technology,Computer peripheral equipment
LIVN,LivaNova PLC Ordinary Shares,$41.20,-1.57,-3.671%,2205135364.00,United Kingdom,,547749,Health Care,Biotechnology: Electromedical & Electrotherapeutic Apparatus
LKQ,LKQ Corporation Common Stock,$54.60,-1.38,-2.465%,14587754181.00,United States,2003,2086328,Consumer Discretionary,Automotive Aftermarket
LNT,Alliant Energy Corporation Common Stock,$50.19,-1.07,-2.087%,12598785648.00,United States,,1126085,Utilities,Power Generation
LNTH,Lantheus Holdings Inc. Common Stock,$71.26,-1.91,-2.61%,4904974591.00,United States,2015,1224395,Health Care,Biotechnology: Pharmaceutical Preparations
LNW,Light & Wonder Inc. Common Stock,$57.42,-1.88,-3.17%,5378737480.00,United States,,375828,Consumer Discretionary,Movies/Entertainment
LOGI,Logitech International S.A. Ordinary Shares,$52.60,-0.44,-0.83%,8431990926.00,United States,1997,652330,Technology,Computer peripheral equipment
LOPE,Grand Canyon Education Inc. Common Stock,$108.55,-0.41,-0.376%,3369327630.00,United States,2008,223451,Consumer Discretionary,Service to the Health Industry
LPLA,LPL Financial Holdings Inc. Common Stock,$231.56,-10.93,-4.507%,18350666648.00,United States,2010,1569788,Finance,Investment Bankers/Brokers/Service
LRCX,Lam Research Corporation Common Stock,$478.82,-11.46,-2.337%,64610155593.00,United States,1984,1180138,Technology,Industrial Machinery/Components
LSCC,Lattice Semiconductor Corporation Common Stock,$86.57,-2.46,-2.763%,11893196013.00,United States,,1124704,Technology,Semiconductors
LSTR,Landstar System Inc. Common Stock,$176.55,-2.07,-1.159%,6342913616.00,United States,1993,221066,Industrials,Trucking Freight/Courier Services
LSXMA,Liberty Media Corporation Series A Liberty SiriusXM Common Stock,$27.54,-1.26,-4.375%,8990765904.00,United States,,1624022,Consumer Discretionary,Broadcasting
LSXMB,Liberty Media Corporation Series B Liberty SiriusXM Common Stock,$27.66,-4.34,-13.563%,9029941354.00,United States,,2233,Consumer Discretionary,Broadcasting
LSXMK,Liberty Media Corporation Series C Liberty SiriusXM Common Stock,$27.46,-1.27,-4.42%,8964648936.00,United States,,1880741,Consumer Discretionary,Broadcasting
LULU,lululemon athletica inc. Common Stock,$296.26,-5.54,-1.836%,37777515984.00,Canada,2007,2863251,Consumer Discretionary,Department/Specialty Retail Stores
LYFT,Lyft Inc. Class A Common Stock,$8.71,-0.21,-2.354%,3224049945.00,United States,2019,21420276,Technology,EDP Services
MANH,Manhattan Associates Inc. Common Stock,$137.34,-3.27,-2.326%,8583196657.00,United States,1998,205616,Technology,Computer Software: Prepackaged Software
MAR,Marriott International Class A Common Stock,$164.53,-3.20,-1.908%,50695174290.00,United States,,1710733,Consumer Discretionary,Hotels/Resorts
MASI,Masimo Corporation Common Stock,$172.87,-1.38,-0.792%,9086853293.00,United States,2007,396873,Health Care,Medical/Dental Instruments
MAT,Mattel Inc. Common Stock,$16.70,-0.45,-2.624%,5918505685.00,United States,,2196575,Consumer Discretionary,Recreational Games/Products/Toys
MBLY,Mobileye Global Inc. Class A Common Stock,$39.27,-1.36,-3.347%,31491080509.00,Israel,2022,1759118,Consumer Discretionary,Automotive Aftermarket
MCHP,Microchip Technology Incorporated Common Stock,$81.57,-1.69,-2.03%,44683711318.00,United States,1993,4727077,Technology,Semiconductors
MDB,MongoDB Inc. Class A Common Stock,$194.08,-15.49,-7.391%,13446980301.00,United States,2017,4754427,Technology,Retail: Computer Software & Peripheral Equipment
MDGL,Madrigal Pharmaceuticals Inc. Common Stock,$241.64,-13.76,-5.388%,4311412164.00,United States,2007,817797,Health Care,Biotechnology: Pharmaceutical Preparations
MDLZ,Mondelez International Inc. Class A Common Stock,$64.90,0.14,0.216%,88478614500.00,United States,,5744774,Consumer Staples,Meat/Poultry/Fish
MEDP,Medpace Holdings Inc. Common Stock,$175.43,-12.56,-6.681%,5447129569.00,United States,2016,1024139,Health Care,Biotechnology: Commercial Physical & Biological Resarch
MELI,MercadoLibre Inc. Common Stock,$1168.04,-33.75,-2.808%,58746446820.00,Argentina,2007,662000,Consumer Discretionary,Catalog/Specialty Distribution
MEOH,Methanex Corporation Common Stock,$47.87,-1.22,-2.485%,3305143030.00,Canada,,208206,,
META,Meta Platforms Inc. Class A Common Stock,$179.51,-2.18,-1.20%,465404725261.00,United States,2012,25553220,Technology,Internet and Information Services
MGEE,MGE Energy Inc,$69.59,-1.12,-1.584%,2516608918.00,United States,,99304,Utilities,Power Generation
MGPI,MGP Ingredients Inc.,$94.47,-0.86,-0.902%,2077776581.00,United States,,123856,Consumer Staples,Beverages (Production/Distribution)
MGRC,McGrath RentCorp Common Stock,$96.20,-2.05,-2.087%,2345591209.00,United States,1984,187675,Consumer Discretionary,Diversified Commercial Services
MIDD,Middleby Corporation (The) Common Stock,$144.49,-5.54,-3.693%,7785630094.00,United States,,790931,Industrials,Diversified Manufacture
MKSI,MKS Instruments Inc. Common Stock,$87.48,-2.72,-3.016%,5818012240.00,United States,1999,680223,Industrials,Industrial Machinery/Components
MKTX,MarketAxess Holdings Inc. Common Stock,$346.73,-6.62,-1.873%,13049815639.00,United States,2004,374374,Finance,Investment Bankers/Brokers/Service
MLCO,Melco Resorts & Entertainment Limited American Depositary Shares,$12.41,-0.14,-1.116%,5523552293.00,Hong Kong,2006,2911994,Consumer Discretionary,Hotels/Resorts
MMSI,Merit Medical Systems Inc. Common Stock,$67.07,0.57,0.857%,3817584493.00,United States,,441869,Health Care,Medical/Dental Instruments
MMYT,MakeMyTrip Limited Ordinary Shares,$25.32,-0.01,-0.039%,2665536465.00,India,2010,931991,Consumer Discretionary,Other Consumer Services
MNDY,monday.com Ltd. Ordinary Shares,$129.45,-11.19,-7.956%,5836292991.00,Israel,2021,1540016,Technology,Computer Software: Prepackaged Software
MNST,Monster Beverage Corporation,$100.17,-1.83,-1.794%,52301286894.00,United States,,1638892,Consumer Staples,Beverages (Production/Distribution)
MORN,Morningstar Inc. Common Stock,$191.26,-9.86,-4.903%,8118257917.00,United States,2005,165063,Finance,Advertising
MPWR,Monolithic Power Systems Inc. Common Stock,$478.95,-13.72,-2.785%,22561897650.00,United States,2004,360571,Technology,Semiconductors
MQ,Marqeta Inc. Class A Common Stock,$4.41,-0.08,-1.782%,2403902532.00,United States,2021,5510750,Technology,EDP Services
MRCY,Mercury Systems Inc Common Stock,$49.85,-0.69,-1.365%,2896678217.00,United States,1998,290180,,
MRNA,Moderna Inc. Common Stock,$138.29,0.93,0.677%,53128317058.00,United States,2018,3885624,Health Care,Biotechnology: Biological Products (No Diagnostic Substances)
MRTX,Mirati Therapeutics Inc. Common Stock,$39.22,-1.53,-3.755%,2258557473.00,United States,,1110454,Health Care,Biotechnology: Pharmaceutical Preparations
MRVL,Marvell Technology Inc. Common Stock,$38.68,-2.23,-5.451%,33001776000.00,United States,2000,21548361,Technology,Semiconductors
MSFT,Microsoft Corporation Common Stock,$248.59,-3.73,-1.478%,1850455120268.00,United States,1986,28321757,Technology,Computer Software: Prepackaged Software
MSTR,MicroStrategy Incorporated Common Stock Class A,$192.01,-18.81,-8.922%,2217476832.00,United States,1998,1329139,Technology,Computer Software: Prepackaged Software
MTCH,Match Group Inc. Common Stock,$35.49,-1.16,-3.165%,9912573702.00,United States,,4160312,Technology,Computer Software: Programming Data Processing
MTSI,MACOM Technology Solutions Holdings Inc. Common Stock,$70.00,-2.00,-2.778%,4951445030.00,United States,2012,793533,Technology,Semiconductors
MU,Micron Technology Inc. Common Stock,$54.93,-0.67,-1.205%,59938328001.00,United States,,14179642,Technology,Semiconductors
MXL,MaxLinear Inc. Common Stock,$33.07,-1.45,-4.20%,2604125326.00,United States,2010,377662,Technology,Semiconductors
NARI,Inari Medical Inc. Common Stock,$56.59,-1.26,-2.178%,3036214782.00,United States,2020,1292878,Health Care,Biotechnology: Electromedical & Electrotherapeutic Apparatus
NATI,National Instruments Corporation Common Stock,$49.66,-0.63,-1.253%,6484033647.00,United States,1995,1338671,Technology,Computer Software: Prepackaged Software
NAVI,Navient Corporation Common Stock,$16.57,-0.65,-3.775%,2154100000.00,United States,,1221280,Finance,Finance: Consumer Services
NBIX,Neurocrine Biosciences Inc. Common Stock,$95.81,-1.23,-1.268%,9254087753.00,United States,1996,844151,Health Care,Biotechnology: Biological Products (No Diagnostic Substances)
NCNO,nCino Inc. Common Stock,$23.11,-1.57,-6.361%,2566007827.00,United States,2020,2720853,Technology,Computer Software: Prepackaged Software
NDAQ,Nasdaq Inc. Common Stock,$52.60,-1.72,-3.166%,25986152737.00,United States,,3461901,Finance,Investment Bankers/Brokers/Service
NDSN,Nordson Corporation Common Stock,$212.92,-5.26,-2.411%,12174485184.00,United States,,172835,Industrials,Industrial Machinery/Components
NEO,NeoGenomics Inc. Common Stock,$16.77,-1.30,-7.194%,2118105687.00,United States,,1287835,Health Care,Precision Instruments
NEOG,Neogen Corporation Common Stock,$17.32,-0.55,-3.078%,3743792182.00,United States,1989,1479051,Health Care,Biotechnology: In Vitro & In Vivo Diagnostic Substances
NFE,New Fortress Energy Inc. Class A Common Stock,$31.60,-1.26,-3.834%,6597134781.00,United States,2019,1987768,Utilities,Oil/Gas Transmission
NFLX,Netflix Inc. Common Stock,$292.76,-5.02,-1.686%,130379722142.00,United States,2002,5753760,Consumer Discretionary,Consumer Electronics/Video Chains
NICE,NICE Ltd American Depositary Shares,$204.51,-5.87,-2.79%,12992854878.00,Israel,,544626,Technology,Computer Manufacturing
NOVT,Novanta Inc. Common Stock,$143.91,-5.41,-3.623%,5136178121.00,United States,,101857,,
NSIT,Insight Enterprises Inc. Common Stock,$134.36,-2.75,-2.006%,4542384433.00,United States,1995,495377,Technology,EDP Services
NTAP,NetApp Inc. Common Stock,$62.22,-1.18,-1.861%,13412974273.00,United States,1995,1775560,Technology,Electronic Components
NTES,NetEase Inc. American Depositary Shares,$82.83,1.42,1.744%,54402591096.00,China,,1026302,Consumer Discretionary,Recreational Games/Products/Toys
NTLA,Intellia Therapeutics Inc. Common Stock,$35.82,-1.60,-4.276%,3088285418.00,United States,2016,2024162,Health Care,Biotechnology: In Vitro & In Vivo Diagnostic Substances
NTNX,Nutanix Inc. Class A Common Stock,$24.68,-0.23,-0.923%,5679129509.00,United States,2016,1987423,Technology,EDP Services
NTRA,Natera Inc. Common Stock,$54.13,-3.39,-5.894%,5901949307.00,United States,2015,2333325,Health Care,Medical Specialities
NTRS,Northern Trust Corporation Common Stock,$84.92,-1.99,-2.29%,17699705760.00,United States,,2627062,Finance,Trusts Except Educational Religious and Charitable
NUVA,NuVasive Inc. Common Stock,$40.05,-0.64,-1.573%,2090294366.00,United States,2004,1126936,Health Care,Medical/Dental Instruments
NVCR,NovoCure Limited Ordinary Shares,$66.21,-4.49,-6.351%,6948744929.00,Jersey,2015,1358577,Health Care,Medical/Dental Instruments
NVDA,NVIDIA Corporation Common Stock,$229.65,-4.71,-2.01%,564939000000.00,United States,1999,47452619,Technology,Semiconductors
NVEI,Nuvei Corporation Subordinate Voting Shares,$37.54,-1.23,-3.173%,5366242205.00,Canada,,603938,,
NVMI,Nova Ltd. Ordinary Shares,$94.01,-1.75,-1.827%,2687395807.00,Israel,2000,235020,Technology,Electronic Components
NWE,NorthWestern Corporation Common Stock,$55.84,-0.65,-1.151%,3337457516.00,United States,,396719,Utilities,Power Generation
NWL,Newell Brands Inc. Common Stock,$12.24,-0.78,-5.991%,5062464000.00,United States,,6592720,Industrials,Plastic Products
NWS,News Corporation Class B Common Stock,$16.18,-0.25,-1.522%,9313294045.00,United States,,1107046,Consumer Discretionary,Movies/Entertainment
NWSA,News Corporation Class A Common Stock,$16.01,-0.28,-1.719%,9215441141.00,United States,,3741359,Consumer Discretionary,Movies/Entertainment
NWTN,NWTN Inc. Class B Ordinary Shares,$10.31,0.00,0.00%,2944909140.00,United Arab Emirates,,9240,,
NXPI,NXP Semiconductors N.V. Common Stock,$175.05,-4.78,-2.658%,45361557593.00,Netherlands,2010,2263019,Technology,Semiconductors
NXST,Nexstar Media Group Inc. Common Stock,$165.70,3.19,1.963%,6248289005.00,United States,2003,904040,Consumer Discretionary,Movies/Entertainment
NYMT,New York Mortgage Trust Inc. Common Stock,$8.83,-0.34,-3.708%,3276488957.00,United States,,1661730,Real Estate,Real Estate Investment Trusts
ODFL,Old Dominion Freight Line Inc. Common Stock,$336.365,-6.605,-1.926%,37162150784.00,United States,1991,643120,Industrials,Trucking Freight/Courier Services
ODP,The ODP Corporation Common Stock,$47.67,0.00,0.00%,2183794305.00,United States,,270868,Miscellaneous,Diversified Commercial Services
OKTA,Okta Inc. Class A Common Stock,$81.03,-2.62,-3.132%,12979641941.00,United States,2017,2986641,Technology,EDP Services
OLED,Universal Display Corporation Common Stock,$136.45,-4.54,-3.22%,6445428203.00,United States,,290592,Technology,Industrial Machinery/Components
OLK,Olink Holding AB (publ) American Depositary Shares,$21.80,-0.46,-2.066%,2596338972.00,Sweden,2021,251942,Industrials,Biotechnology: Laboratory Analytical Instruments
OLLI,Ollie's Bargain Outlet Holdings Inc. Common Stock,$53.68,-1.88,-3.384%,3340990218.00,United States,2015,995205,Consumer Discretionary,Department/Specialty Retail Stores
OLPX,Olaplex Holdings Inc. Common Stock,$3.99,-0.02,-0.499%,2590233523.00,United States,2021,4396757,Miscellaneous,Diversified Commercial Services
OMAB,Grupo Aeroportuario del Centro Norte S.A.B. de C.V. ADS,$79.89,-1.34,-1.65%,3856384410.00,Mexico,2006,109916,Consumer Discretionary,Aerospace
OMCL,Omnicell Inc. Common Stock ($0.001 par value),$51.51,-1.42,-2.683%,2299913361.00,United States,2001,580579,Health Care,Managed Health Care
ON,ON Semiconductor Corporation Common Stock,$78.38,-3.03,-3.722%,33857644551.00,United States,,6364968,Technology,Semiconductors
ONB,Old National Bancorp Common Stock,$15.96,-0.06,-0.375%,4674731880.00,United States,,4405278,Finance,Major Banks
OPCH,Option Care Health Inc. Common Stock,$30.63,-1.09,-3.436%,5571625486.00,United States,,1259721,Health Care,Medical/Nursing Services
ORLY,O'Reilly Automotive Inc. Common Stock,$819.92,-2.39,-0.291%,51124652962.00,United States,1993,433223,Consumer Discretionary,Auto & Home Supply Stores
OTEX,Open Text Corporation Common Shares,$34.39,-0.88,-2.495%,9301226662.00,Canada,1996,1147468,,
OTTR,Otter Tail Corporation Common Stock,$68.99,-1.68,-2.377%,2872175329.00,United States,,315029,Utilities,Electric Utilities: Central
OZK,Bank OZK Common Stock,$36.61,-1.33,-3.506%,4303931238.00,United States,,4528865,Finance,Major Banks
PAA,Plains All American Pipeline L.P. Common Units representing Limited Partner Interests,$12.80,-0.14,-1.082%,8938658368.00,United States,1998,3871267,Energy,Oil & Gas Production
PAAS,Pan American Silver Corp. Common Stock,$15.56,0.34,2.234%,3278306260.00,Canada,,5194980,,
PACB,Pacific Biosciences of California Inc. Common Stock,$8.30,-0.47,-5.359%,2043744483.00,United States,2010,6586971,Health Care,Biotechnology: Electromedical & Electrotherapeutic Apparatus
PAGP,Plains GP Holdings L.P. Class A Units representing Limited Partner Interests,$13.34,-0.24,-1.767%,2591776120.00,United States,,2393237,Energy,Oil & Gas Production
PANW,Palo Alto Networks Inc. Common Stock,$185.71,1.29,0.699%,56150704913.00,United States,,5098293,Technology,EDP Services
PARA,Paramount Global Class B Common Stock,$19.89,-0.97,-4.65%,12938780206.00,United States,,11886616,Consumer Discretionary,Movies/Entertainment
PARAA,Paramount Global Class A Common Stock,$23.00,-1.09,-4.525%,14961887619.00,United States,,45692,Consumer Discretionary,Movies/Entertainment
PAX,Patria Investments Limited Class A Common Shares,$14.65,-0.66,-4.311%,2156376425.00,Cayman Islands,2021,196454,Finance,Investment Managers
PAYO,Payoneer Global Inc. Common Stock,$6.18,-0.57,-8.444%,2164196986.00,United States,,6354035,Technology,EDP Services
PAYX,Paychex Inc. Common Stock,$107.83,-3.22,-2.90%,38869107871.00,United States,1983,1901196,Consumer Discretionary,Business Services
PCAR,PACCAR Inc. Common Stock,$72.32,-1.99,-2.678%,878538648931.00,United States,,3040782,Industrials,Construction/Ag Equipment/Trucks
PCH,PotlatchDeltic Corporation Common Stock,$47.69,-0.16,-0.334%,3800066485.00,United States,,837306,Real Estate,Real Estate Investment Trusts
PCTY,Paylocity Holding Corporation Common Stock,$174.54,-7.81,-4.283%,9734046580.00,United States,2014,663633,Technology,Computer Software: Prepackaged Software
PCVX,Vaxcyte Inc. Common Stock,$37.82,-0.63,-1.638%,2987031013.00,United States,2020,872944,Health Care,Biotechnology: Pharmaceutical Preparations
PDCE,PDC Energy Inc. Common Stock (Delaware),$65.55,-1.39,-2.076%,6040082660.00,United States,,721675,Energy,Oil & Gas Production
PDCO,Patterson Companies Inc. Common Stock,$26.42,-0.31,-1.16%,2564536560.00,United States,1992,787963,Health Care,Medical Specialities
PDD,PDD Holdings Inc. American Depositary Shares,$85.73,0.08,0.093%,108395783403.00,China,2018,6982647,Consumer Discretionary,Catalog/Specialty Distribution
PECO,Phillips Edison & Company Inc. Common Stock,$31.45,-1.31,-3.999%,3683612700.00,United States,2021,1089191,Real Estate,Real Estate Investment Trusts
PEGA,Pegasystems Inc. Common Stock,$44.43,-1.46,-3.182%,3664129393.00,United States,1996,557238,Technology,EDP Services
PENN,PENN Entertainment Inc. Common Stock,$28.30,-0.91,-3.115%,4458961782.00,United States,1994,2550559,Consumer Discretionary,Movies/Entertainment
PEP,PepsiCo Inc. Common Stock,$172.03,0.23,0.134%,236928543891.00,United States,,4129636,Consumer Staples,Beverages (Production/Distribution)
PFG,Principal Financial Group Inc Common Stock,$77.01,-1.90,-2.408%,18721448512.00,United States,2001,2249812,Finance,Investment Managers
PGNY,Progyny Inc. Common Stock,$30.54,-1.87,-5.77%,2836654211.00,United States,2019,1182658,Health Care,Managed Health Care
PI,Impinj Inc. Common Stock,$127.00,-6.94,-5.181%,3321950303.00,United States,2016,519795,Utilities,Telecommunications Equipment
PINC,Premier Inc. Class A Common Stock,$31.12,0.10,0.322%,3699151559.00,United States,2013,761394,Health Care,Managed Health Care
PLTK,Playtika Holding Corp. Common Stock,$9.12,-0.19,-2.041%,3293454765.00,Israel,2021,991545,Technology,EDP Services
PLUG,Plug Power Inc. Common Stock,$12.35,-0.67,-5.146%,7198869599.00,United States,1999,23184663,Consumer Discretionary,Electrical Products
PLXS,Plexus Corp. Common Stock,$95.69,-1.62,-1.665%,2650850598.00,United States,,132164,Technology,Electrical Products
PNFP,Pinnacle Financial Partners Inc. Common Stock,$59.89,-2.31,-3.714%,4578878751.00,United States,,1877649,Finance,Major Banks
PODD,Insulet Corporation Common Stock,$280.36,-2.76,-0.975%,19470638373.00,United States,2007,759350,Health Care,Medical/Dental Instruments
POOL,Pool Corporation Common Stock,$348.41,-0.63,-0.18%,13605625817.00,United States,1995,390266,Industrials,Industrial Machinery/Components
POWI,Power Integrations Inc. Common Stock,$81.35,-0.72,-0.877%,4635871462.00,United States,1997,310063,Technology,Semiconductors
PPBI,Pacific Premier Bancorp Inc,$27.70,-0.55,-1.947%,2632102752.00,United States,,1451298,Finance,Major Banks
PPC,Pilgrim's Pride Corporation Common Stock,$23.78,0.08,0.338%,5623241500.00,United States,,866202,Consumer Staples,Meat/Poultry/Fish
PRFT,Perficient Inc. Common Stock,$67.86,-3.32,-4.664%,2349886210.00,United States,1999,252501,Technology,EDP Services
PRGS,Progress Software Corporation Common Stock (DE),$56.20,-0.46,-0.812%,2436005129.00,United States,1991,327678,Technology,Computer Software: Prepackaged Software
PROK,ProKidney Corp. Class A Ordinary Shares,$11.97,-0.13,-1.074%,2780202378.00,United States,2021,295907,Health Care,Biotechnology: Biological Products (No Diagnostic Substances)
PRTA,Prothena Corporation plc Ordinary Shares,$47.98,-2.18,-4.346%,2477042637.00,United States,,850102,Health Care,Biotechnology: Pharmaceutical Preparations
PRVA,Privia Health Group Inc. Common Stock,$25.81,-1.91,-6.89%,2950045472.00,United States,2021,1177044,Technology,Retail: Computer Software & Peripheral Equipment
PSEC,Prospect Capital Corporation Common Stock,$6.78,-0.20,-2.865%,2708168405.00,United States,2004,4469074,Finance,Finance/Investors Services
PSMT,PriceSmart Inc. Common Stock,$67.64,-1.21,-1.757%,2100284026.00,United States,,84336,Consumer Discretionary,Department/Specialty Retail Stores
PSNY,Polestar Automotive Holding UK PLC Class A ADS,$4.50,-0.09,-1.961%,9492203462.00,Sweden,,2657782,Consumer Discretionary,Auto Manufacturing
PTC,PTC Inc. Common Stock,$118.38,-2.18,-1.808%,13999997971.00,United States,,535679,Technology,Computer Software: Prepackaged Software
PTCT,PTC Therapeutics Inc. Common Stock,$44.23,-1.71,-3.722%,3227787483.00,United States,2013,1094438,Health Care,Biotechnology: Pharmaceutical Preparations
PTEN,Patterson-UTI Energy Inc. Common Stock,$13.15,-0.16,-1.202%,2809574927.00,United States,1993,2476332,Energy,Oil & Gas Production
PTON,Peloton Interactive Inc. Class A Common Stock,$11.78,-0.96,-7.535%,4076118557.00,United States,2019,17313906,Consumer Discretionary,Other Consumer Services
PYCR,Paycor HCM Inc. Common Stock,$22.68,-1.12,-4.706%,4001615700.00,United States,2021,726720,Technology,Computer Software: Prepackaged Software
PYPL,PayPal Holdings Inc. Common Stock,$73.43,-2.50,-3.293%,83076741272.00,United States,,13118803,Consumer Discretionary,Business Services
PZZA,Papa John's International Inc. Common Stock,$77.65,-3.15,-3.899%,2743231080.00,United States,1993,486175,Consumer Discretionary,Restaurants
QCOM,QUALCOMM Incorporated Common Stock,$115.19,-2.03,-1.732%,128436850000.00,United States,1991,6880002,Technology,Computer peripheral equipment
QDEL,QuidelOrtho Corporation Common Stock,$83.26,-3.10,-3.59%,5498936507.00,United States,,638295,Health Care,Medical/Dental Instruments
QFIN,360 DigiTech Inc. American Depositary Shares,$17.47,-0.54,-2.998%,2785527752.00,China,2018,2074464,Finance,Finance: Consumer Services
QLYS,Qualys Inc. Common Stock,$117.84,-1.41,-1.182%,4476509337.00,United States,2012,254265,Technology,EDP Services
QRVO,Qorvo Inc. Common Stock,$95.33,-2.21,-2.266%,9522438389.00,United States,,1199280,Industrials,Industrial Machinery/Components
RARE,Ultragenyx Pharmaceutical Inc. Common Stock,$38.76,-1.16,-2.906%,2721598866.00,United States,2014,919355,Health Care,Biotechnology: Pharmaceutical Preparations
RCM,R1 RCM Inc. Common Stock,$13.32,-0.27,-1.987%,5549934017.00,United States,,2642303,Consumer Discretionary,Other Consumer Services
REG,Regency Centers Corporation Common Stock,$58.58,-2.03,-3.349%,10035218364.00,United States,1993,1103952,Real Estate,Real Estate Investment Trusts
REGN,Regeneron Pharmaceuticals Inc. Common Stock,$747.00,3.25,0.437%,81666172404.00,United States,1991,504786,Health Care,Biotechnology: Pharmaceutical Preparations
RELY,Remitly Global Inc. Common Stock,$15.17,-0.16,-1.044%,2588969892.00,United States,2021,2454390,Technology,Computer Software: Prepackaged Software
RETA,Reata Pharmaceuticals Inc. Class A Common Stock,$82.96,-1.64,-1.939%,3039957619.00,United States,2016,1104302,Health Care,Biotechnology: Pharmaceutical Preparations
REYN,Reynolds Consumer Products Inc. Common Stock,$26.51,-0.13,-0.488%,5563459064.00,United States,2020,336728,Industrials,Office Equipment/Supplies/Services
RGEN,Repligen Corporation Common Stock,$166.27,-7.33,-4.222%,9232048473.00,United States,1986,573530,Health Care,Medical/Dental Instruments
RGLD,Royal Gold Inc. Common Stock,$113.44,0.53,0.469%,7446667838.00,United States,,643703,Industrials,Consumer Electronics/Appliances
RIVN,Rivian Automotive Inc. Class A Common Stock,$14.16,-0.37,-2.546%,13040734199.00,United States,2021,42285996,Consumer Discretionary,Auto Manufacturing
RMBS,Rambus Inc. Common Stock,$41.30,-1.45,-3.392%,4439007013.00,United States,1997,1115437,Technology,Semiconductors
ROIV,Roivant Sciences Ltd. Common Shares,$7.65,-0.04,-0.52%,5801969228.00,United Kingdom,,2044998,Health Care,Biotechnology: Pharmaceutical Preparations
ROKU,Roku Inc. Class A Common Stock,$59.99,-0.53,-0.876%,8405159787.00,United States,2017,8402313,Telecommunications,Cable & Other Pay Television Services
ROST,Ross Stores Inc. Common Stock,$104.17,-1.39,-1.317%,35873128008.00,United States,1985,2458141,Consumer Discretionary,Clothing/Shoe/Accessory Stores
RPD,Rapid7 Inc. Common Stock,$42.10,-3.84,-8.359%,2493832232.00,United States,2015,1385408,Technology,Computer Software: Prepackaged Software
RPRX,Royalty Pharma plc Class A Ordinary Shares ,$33.10,-0.42,-1.253%,14668795593.00,United States,2020,2215631,Health Care,Biotechnology: Pharmaceutical Preparations
RRR,Red Rock Resorts Inc. Class A Common Stock,$43.20,-0.98,-2.218%,2505618101.00,United States,2016,454202,Consumer Discretionary,Recreational Games/Products/Toys
RUM,Rumble Inc. Class A Common Stock,$8.88,-0.33,-3.583%,2478674196.00,United States,2021,969073,Technology,Computer Software: Prepackaged Software
RUN,Sunrun Inc. Common Stock,$20.73,-2.91,-12.31%,4417640095.00,United States,2015,30515228,Industrials,Building Products
RUSHA,Rush Enterprises Inc. Common Stock Cl A,$54.54,-0.50,-0.908%,2968527445.00,United States,,221064,Consumer Discretionary,Other Specialty Stores
RUSHB,Rush Enterprises Inc. Class B,$57.39,-0.09,-0.157%,3123648516.00,United States,,10018,Consumer Discretionary,Other Specialty Stores
RVNC,Revance Therapeutics Inc. Common Stock,$28.63,-2.34,-7.556%,2355492653.00,United States,2014,1797179,Health Care,Biotechnology: Pharmaceutical Preparations
RXDX,Prometheus Biosciences Inc. Common Stock,$114.37,-4.62,-3.883%,5316798363.00,United States,2021,584095,Health Care,Biotechnology: Pharmaceutical Preparations
RYAAY,Ryanair Holdings plc American Depositary Shares,$90.70,-1.98,-2.136%,20655374484.00,Ireland,1997,510298,Consumer Discretionary,Air Freight/Delivery Services
SAGE,Sage Therapeutics Inc. Common Stock,$39.56,-3.51,-8.15%,2362428572.00,United States,2014,1058521,Health Care,Biotechnology: Pharmaceutical Preparations
SAIA,Saia Inc. Common Stock,$276.31,-4.35,-1.55%,7311843152.00,United States,,457078,Industrials,Trucking Freight/Courier Services
SANM,Sanmina Corporation Common Stock,$58.24,-1.41,-2.364%,3398750468.00,United States,1993,385265,Technology,Electrical Products
SBAC,SBA Communications Corporation Class A Common Stock,$240.12,-3.65,-1.497%,25924684985.00,United States,1999,928962,Real Estate,Real Estate Investment Trusts
SBCF,Seacoast Banking Corporation of Florida Common Stock,$26.54,-0.32,-1.191%,2234162386.00,United States,,2020693,Finance,Major Banks
SBLK,Star Bulk Carriers Corp. Common Shares,$21.68,0.03,0.139%,2226284035.00,Greece,,1379350,Consumer Discretionary,Marine Transportation
SBNY,Signature Bank Common Stock,$70.00,-20.76,-22.874%,4405025310.00,United States,2004,21667348,Finance,Major Banks
SBRA,Sabra Health Care REIT Inc. Common Stock,$11.20,-0.37,-3.198%,2586937987.00,United States,,3024713,Real Estate,Real Estate Investment Trusts
SBUX,Starbucks Corporation Common Stock,$99.38,-0.92,-0.917%,114217434000.00,United States,1992,6641015,Consumer Discretionary,Beverages - Non-Alcoholic
SEDG,SolarEdge Technologies Inc. Common Stock,$304.32,-9.21,-2.938%,17082517505.00,Israel,2015,1132159,Technology,Semiconductors
SEIC,SEI Investments Company Common Stock,$56.43,-1.53,-2.64%,7570761660.00,United States,1981,530744,Finance,Investment Bankers/Brokers/Service
SFM,Sprouts Farmers Market Inc. Common Stock,$33.03,-0.49,-1.462%,3496307084.00,United States,2013,1963432,Consumer Discretionary,Specialty Foods
SFNC,Simmons First National Corporation Class A Common Stock,$19.46,-0.13,-0.664%,2472327887.00,United States,,922049,Finance,Major Banks
SGEN,Seagen Inc. Common Stock,$172.61,-1.03,-0.593%,32241712638.00,United States,2001,1075542,Health Care,Biotechnology: Biological Products (No Diagnostic Substances)
SGML,Sigma Lithium Corporation Common Shares,$34.18,0.15,0.441%,3537630000.00,Canada,,564870,Industrials,Industrial Machinery/Components
SGRY,Surgery Partners Inc. Common Stock,$30.29,-1.42,-4.478%,3713665922.00,United States,2015,701036,Health Care,Managed Health Care
SHC,Sotera Health Company Common Stock,$16.44,-0.30,-1.792%,4637945924.00,United States,2020,1724909,Health Care,Medical Specialities
SHLS,Shoals Technologies Group Inc. Class A Common Stock,$21.84,-1.36,-5.862%,2522702626.00,United States,2021,11286376,Technology,Semiconductors
SHOO,Steven Madden Ltd. Common Stock,$34.46,-0.34,-0.977%,2683864755.00,United States,1993,1022179,Consumer Discretionary,Shoe Manufacturing
SIGI,Selective Insurance Group Inc. Common Stock,$94.66,-1.06,-1.107%,5711673742.00,United States,,284242,Finance,Property-Casualty Insurers
SIMO,Silicon Motion Technology Corporation American Depositary Shares,$63.36,-1.22,-1.889%,2093769850.00,Taiwan,2005,450108,Technology,Semiconductors
SIRI,Sirius XM Holdings Inc. Common Stock,$3.67,-0.13,-3.421%,14278136622.00,United States,,21692255,Consumer Discretionary,Movies/Entertainment
SITM,SiTime Corporation Common Stock,$126.27,-8.15,-6.063%,2707164529.00,United States,2019,364130,Technology,Semiconductors
SIVB,SVB Financial Group Common Stock,$106.04,0.00,0.00%,6274586473.00,United States,,11485729,Finance,Major Banks
SLAB,Silicon Laboratories Inc. Common Stock,$169.80,-2.26,-1.313%,5416474312.00,United States,2000,355113,Technology,Semiconductors
SLM,SLM Corporation Common Stock,$12.84,-0.81,-5.934%,3090588000.00,United States,,3940735,Finance,Finance: Consumer Services
SMCI,Super Micro Computer Inc. Common Stock,$92.76,-5.80,-5.885%,4975382776.00,United States,2020,1732097,Technology,Computer Manufacturing
SMPL,The Simply Good Foods Company Common Stock,$35.95,-0.22,-0.608%,3576714284.00,United States,,501553,Consumer Staples,Packaged Foods
SNEX,StoneX Group Inc. Common Stock,$97.80,-3.93,-3.863%,2019441393.00,United States,,115287,Finance,Investment Bankers/Brokers/Service
SNPS,Synopsys Inc. Common Stock,$355.23,-6.69,-1.848%,54102124721.00,United States,1992,758163,Technology,EDP Services
SNY,Sanofi ADS,$47.28,0.23,0.489%,118071430361.00,France,,1281802,Health Care,Biotechnology: Pharmaceutical Preparations
SOFI,SoFi Technologies Inc. Common Stock  ,$5.58,-0.51,-8.374%,4526181974.00,United States,,86603884,Finance,Diversified Financial Services
SONO,Sonos Inc. Common Stock,$19.14,-0.49,-2.496%,2437438461.00,United States,2018,1387977,Consumer Discretionary,Consumer Electronics/Video Chains
SPLK,Splunk Inc. Common Stock,$90.62,-3.84,-4.065%,14834494000.00,United States,2012,1800671,Technology,Computer Software: Prepackaged Software
SPSC,SPS Commerce Inc. Common Stock,$141.40,-2.19,-1.525%,5096298360.00,United States,2010,112555,Technology,EDP Services
SPT,Sprout Social Inc Class A Common Stock,$57.03,-3.10,-5.155%,3127428876.00,United States,2019,865172,Technology,EDP Services
SPWR,SunPower Corporation Common Stock,$14.66,-0.78,-5.052%,2553515597.00,United States,2005,6285031,Technology,Semiconductors
SRAD,Sportradar Group AG Class A Ordinary Shares,$11.46,-0.52,-4.341%,3388030928.00,Switzerland,2021,234400,Technology,Computer Software: Programming Data Processing
SRCL,Stericycle Inc. Common Stock,$43.50,-1.40,-3.118%,4010013527.00,United States,1996,418570,Utilities,Environmental Services
SRPT,Sarepta Therapeutics Inc. Common Stock (DE),$143.92,-4.52,-3.045%,12633668338.00,United States,,1815541,Health Care,Biotechnology: Pharmaceutical Preparations
SSB,SouthState Corporation Common Stock,$75.72,0.94,1.257%,5732349510.00,United States,,1635027,Finance,Major Banks
SSNC,SS&C Technologies Holdings Inc. Common Stock,$55.26,-1.92,-3.358%,13920591692.00,United States,2010,1481093,Technology,EDP Services
SSRM,SSR Mining Inc. Common Stock,$12.86,-0.08,-0.618%,2656978391.00,Canada,,1943812,,
STAA,STAAR Surgical Company Common Stock,$56.63,-4.36,-7.149%,2729922712.00,United States,,802770,Health Care,Ophthalmic Goods
STLD,Steel Dynamics Inc.,$120.36,-7.83,-6.108%,21131774787.00,United States,1996,2180597,Industrials,Steel/Iron Ore
STNE,StoneCo Ltd. Class A Common Shares,$8.72,-0.20,-2.242%,2725983163.00,Brazil,2018,4865295,Technology,EDP Services
STRA,Strategic Education Inc. Common Stock,$85.23,-0.45,-0.525%,2084185271.00,United States,1996,149053,Consumer Discretionary,Service to the Health Industry
STX,Seagate Technology Holdings PLC Ordinary Shares (Ireland),$61.75,-1.50,-2.372%,12750378602.00,Ireland,2002,1646516,Technology,Electronic Components
SWAV,ShockWave Medical Inc. Common Stock,$182.36,-7.97,-4.187%,6590908369.00,United States,2019,401254,Health Care,Medical/Dental Instruments
SWKS,Skyworks Solutions Inc. Common Stock,$111.29,-2.08,-1.835%,17692235602.00,United States,,1996818,Technology,Semiconductors
SYNA,Synaptics Incorporated Common Stock $0.001 Par Value,$107.51,-3.02,-2.732%,4235438158.00,United States,2002,459418,Technology,Computer peripheral equipment
SYNH,Syneos Health Inc. Class A Common Stock,$35.23,-1.73,-4.681%,3637193289.00,United States,2014,2011505,Health Care,Biotechnology: Commercial Physical & Biological Resarch
TCBI,Texas Capital Bancshares Inc. Common Stock,$61.13,-0.70,-1.132%,2948198730.00,United States,2003,1654669,Finance,Major Banks
TCOM,Trip.com Group Limited American Depositary Shares,$36.08,1.05,2.997%,23154497922.00,China,2003,4971321,Consumer Discretionary,Business Services
TEAM,Atlassian Corporation Class A Common Stock,$155.78,-14.21,-8.359%,39924445252.00,Australia,2015,2393016,Technology,EDP Services
TECH,Bio-Techne Corp Common Stock,$71.97,-2.09,-2.822%,11319096144.00,United States,,897135,Health Care,Biotechnology: Biological Products (No Diagnostic Substances)
TENB,Tenable Holdings Inc. Common Stock,$41.99,-1.50,-3.449%,4747221440.00,United States,2018,855304,Technology,EDP Services
TER,Teradyne Inc. Common Stock,$101.29,-0.85,-0.832%,15776540028.00,United States,,2371899,Industrials,Electrical Products
TFSL,TFS Financial Corporation Common Stock,$12.66,-0.21,-1.632%,3548943504.00,United States,2007,573214,Finance,Savings Institutions
TGTX,TG Therapeutics Inc. Common Stock,$14.08,-2.65,-15.84%,2046414895.00,United States,,9805963,Health Care,Biotechnology: Pharmaceutical Preparations
TIGO,Millicom International Cellular S.A. Common Stock,$18.36,-0.57,-3.011%,3137540400.00,Luxembourg,,89519,Telecommunications,Telecommunications Equipment
TMDX,TransMedics Group Inc. Common Stock,$71.52,-5.75,-7.441%,2283220214.00,United States,2019,803312,Health Care,Biotechnology: Electromedical & Electrotherapeutic Apparatus
TMUS,T-Mobile US Inc. Common Stock,$139.51,-1.58,-1.12%,170116137676.00,United States,,6330829,Telecommunications,Telecommunications Equipment
TNDM,Tandem Diabetes Care Inc. Common Stock,$37.63,-1.78,-4.517%,2419563280.00,United States,2013,1282341,Health Care,Medical/Dental Instruments
TOWN,TowneBank Common Stock,$28.21,-0.13,-0.459%,2108452186.00,United States,,464467,Finance,Major Banks
TPG,TPG Inc. Class A Common Stock,$28.86,-2.59,-8.235%,2294160101.00,United States,2022,1197876,Finance,Trusts Except Educational Religious and Charitable
TRIP,TripAdvisor Inc. Common Stock,$19.61,-0.43,-2.146%,2764316081.00,United States,,2583629,,
TRMB,Trimble Inc. Common Stock,$48.28,-1.48,-2.974%,11922827931.00,United States,1990,1620600,Industrials,Industrial Machinery/Components
TRMD,TORM plc Class A Common Stock,$32.49,-1.74,-5.083%,2658955446.00,United Kingdom,,418199,Consumer Discretionary,Marine Transportation
TROW,T. Rowe Price Group Inc. Common Stock,$105.03,-6.29,-5.65%,23568618988.00,United States,1986,2991121,Finance,Investment Managers
TRUP,Trupanion Inc. Common Stock,$51.11,-3.31,-6.082%,2096532456.00,United States,,635672,Health Care,Medical Specialities
TSCO,Tractor Supply Company Common Stock,$227.24,0.33,0.145%,25101667794.00,United States,1994,1065804,Consumer Discretionary,Other Specialty Stores
TSEM,Tower Semiconductor Ltd. Ordinary Shares,$41.03,-0.22,-0.533%,4511412620.00,Israel,1994,465359,Technology,Semiconductors
TSLA,Tesla Inc. Common Stock,$173.44,0.52,0.301%,548781972461.00,United States,2010,191004157,Consumer Discretionary,Auto Manufacturing
TTD,The Trade Desk Inc. Class A Common Stock,$53.35,-2.41,-4.322%,26183902473.00,United States,2016,4466467,Technology,EDP Services
TTEK,Tetra Tech Inc. Common Stock,$133.17,-4.58,-3.325%,7088124931.00,United States,1991,278560,Consumer Discretionary,Military/Government/Technical
TTWO,Take-Two Interactive Software Inc. Common Stock,$110.58,-2.38,-2.107%,18652029417.00,United States,1997,1429554,Technology,Computer Software: Prepackaged Software
TW,Tradeweb Markets Inc. Class A Common Stock,$68.40,-2.26,-3.198%,14227927434.00,United States,2019,904362,Finance,Investment Bankers/Brokers/Service
TWKS,Thoughtworks Holding Inc. Common Stock,$7.45,-0.40,-5.096%,2345548963.00,United States,2021,628760,Technology,EDP Services
TWNK,Hostess Brands Inc. Class A Common Stock,$24.13,-0.03,-0.124%,3230686964.00,United States,2015,818477,Consumer Staples,Specialty Foods
TXG,10x Genomics Inc. Class A Common Stock,$45.00,-2.06,-4.377%,5191042680.00,United States,2019,1285983,Health Care,Managed Health Care
TXN,Texas Instruments Incorporated Common Stock,$171.64,-1.80,-1.038%,155541162654.00,United States,,5925130,Technology,Semiconductors
TXRH,Texas Roadhouse Inc. Common Stock,$101.61,-0.70,-0.684%,6799207849.00,United States,2004,769655,Consumer Discretionary,Restaurants
UAL,United Airlines Holdings Inc. Common Stock,$50.97,-1.15,-2.206%,16671930057.00,United States,,10971769,Consumer Discretionary,Air Freight/Delivery Services
UBSI,United Bankshares Inc. Common Stock,$36.18,-0.54,-1.471%,4875078514.00,United States,,1477081,Finance,Major Banks
UCBI,United Community Banks Inc. Common Stock,$29.36,-0.41,-1.377%,3374662739.00,United States,,1418217,Finance,Major Banks
UFPI,UFP Industries Inc. Common Stock,$79.15,-3.89,-4.684%,4878609233.00,United States,1993,422551,Basic Materials,Forest Products
ULCC,Frontier Group Holdings Inc. Common Stock,$10.66,-0.48,-4.309%,2321363526.00,United States,2021,6853368,Consumer Discretionary,Air Freight/Delivery Services
ULTA,Ulta Beauty Inc. Common Stock,$521.18,1.25,0.24%,26518040230.00,United States,2007,1444627,,
UMBF,UMB Financial Corporation Common Stock,$77.09,-2.67,-3.348%,3724942854.00,United States,,404317,Finance,Commercial Banks
URBN,Urban Outfitters Inc. Common Stock,$26.96,0.13,0.485%,2485058220.00,United States,1993,2545739,Consumer Discretionary,Clothing/Shoe/Accessory Stores
UTHR,United Therapeutics Corporation Common Stock,$228.77,3.51,1.558%,10426639767.00,United States,1999,759027,Health Care,Biotechnology: Pharmaceutical Preparations
VC,Visteon Corporation Common Stock,$160.15,-5.19,-3.139%,4514643074.00,United States,,370165,Consumer Discretionary,Auto Parts:O.E.M.
VCTR,Victory Capital Holdings Inc. Class A Common Stock,$29.90,-1.44,-4.595%,2013033467.00,United States,2018,553123,Finance,Investment Managers
VEON,VEON Ltd. ADS,$16.16,-0.84,-4.941%,28265898849.00,Netherlands,,108701,Telecommunications,Telecommunications Equipment
VERX,Vertex Inc. Class A Common Stock,$17.88,-0.16,-0.887%,2682713126.00,United States,2020,436550,Technology,EDP Services
VIAV,Viavi Solutions Inc. Common Stock,$10.31,-0.14,-1.34%,2317456046.00,United States,,1989380,Technology,Radio And Television Broadcasting And Communications Equipment
VIR,Vir Biotechnology Inc. Common Stock,$22.61,-0.39,-1.696%,3009744191.00,United States,2019,1541745,Health Care,Biotechnology: Pharmaceutical Preparations
VIRT,Virtu Financial Inc. Class A Common Stock,$16.59,-0.89,-5.092%,3022596187.00,United States,2015,1880093,Finance,Investment Bankers/Brokers/Service
VLY,Valley National Bancorp Common Stock,$10.05,-0.10,-0.985%,5089063504.00,United States,,10192390,Finance,Major Banks
VNOM,Viper Energy Partners LP Common Unit,$28.56,-0.50,-1.721%,2118727627.00,United States,2014,447910,Energy,Oil & Gas Production
VOD,Vodafone Group Plc American Depositary Shares,$11.78,0.21,1.815%,31929900862.00,United Kingdom,,8017163,Telecommunications,Telecommunications Equipment
VRNS,Varonis Systems Inc. Common Stock,$24.30,-0.75,-2.994%,2615072494.00,United States,2014,1785224,Technology,Computer Software: Prepackaged Software
VRNT,Verint Systems Inc. Common Stock,$35.40,-0.64,-1.776%,2331665498.00,United States,2010,478413,Technology,EDP Services
VRRM,Verra Mobility Corporation Class A Common Stock,$16.87,-0.50,-2.879%,2528403194.00,United States,2017,2694493,Consumer Discretionary,Other Consumer Services
VRSK,Verisk Analytics Inc. Common Stock,$180.14,-3.03,-1.654%,28171725313.00,United States,2009,913207,Consumer Discretionary,Business Services
VRSN,VeriSign Inc. Common Stock,$191.20,-4.89,-2.494%,20052923498.00,United States,1998,507509,Technology,EDP Services
VRTX,Vertex Pharmaceuticals Incorporated Common Stock,$287.24,0.36,0.125%,73846945513.00,United States,1991,1459283,Health Care,Biotechnology: Pharmaceutical Preparations
VSAT,ViaSat Inc. Common Stock,$34.43,-0.99,-2.795%,2629530722.00,United States,1996,756851,Technology,Radio And Television Broadcasting And Communications Equipment
VTRS,Viatris Inc. Common Stock,$10.00,-0.13,-1.283%,12126845980.00,United States,,8784139,Health Care, Medicinal Chemicals and Botanical Products 
VTYX,Ventyx Biosciences Inc. Common Stock,$39.22,-2.27,-5.471%,2221321103.00,United States,2021,925278,Health Care, Medicinal Chemicals and Botanical Products 
WAFD,Washington Federal Inc. Common Stock,$31.69,-0.02,-0.063%,2073012061.00,United States,,1181709,Finance,Major Banks
WB,Weibo Corporation American Depositary Share,$16.58,0.00,0.00%,3922195838.00,China,2014,784491,Technology,Internet and Information Services
WBA,Walgreens Boots Alliance Inc. Common Stock,$33.26,-0.03,-0.09%,28686868206.00,United States,,8610812,Consumer Staples,Retail-Drug Stores and Proprietary Stores
WBD,Warner Bros. Discovery Inc. Series A Common Stock ,$14.35,-0.42,-2.844%,34847482815.00,United States,,16212110,Telecommunications,Cable & Other Pay Television Services
WDAY,Workday Inc. Class A Common Stock,$178.27,-3.20,-1.763%,45815390000.00,United States,,2182039,Technology,Computer Software: Prepackaged Software
WDC,Western Digital Corporation Common Stock,$36.06,-1.00,-2.698%,11514962199.00,United States,,5367456,Technology,Electronic Components
WDFC,WD-40 Company Common Stock,$169.33,0.63,0.373%,2300787631.00,United States,1973,83594,Industrials,Industrial Specialties
WEN,Wendy's Company (The) Common Stock,$20.88,-0.20,-0.949%,4448003384.00,United States,,2767308,Consumer Discretionary,Restaurants
WERN,Werner Enterprises Inc. Common Stock,$45.45,-1.10,-2.363%,2873485486.00,United States,1986,539072,Industrials,Trucking Freight/Courier Services
WFRD,Weatherford International plc Ordinary Shares,$59.77,-3.04,-4.84%,4237114486.00,United States,,945402,Industrials,Metal Fabrications
WING,Wingstop Inc. Common Stock,$165.05,-4.47,-2.637%,4937698519.00,United States,2015,850592,Consumer Discretionary,Restaurants
WIRE,Encore Wire Corporation Common Stock,$185.05,-6.03,-3.156%,3380934929.00,United States,1992,254103,Industrials,Metal Fabrications
WIX,Wix.com Ltd. Ordinary Shares,$86.41,-3.29,-3.668%,5079755463.00,Israel,2013,974982,Technology,Interactive Media
WMG,Warner Music Group Corp. Class A Common Stock,$29.75,-0.29,-0.965%,15349181472.00,United States,2020,1414096,Consumer Discretionary,Movies/Entertainment
WOOF,Petco Health and Wellness Company Inc. Class A Common Stock,$10.05,0.08,0.802%,2672496362.00,United States,2021,4229120,Miscellaneous,Diversified Commercial Services
WSC,WillScot Mobile Mini Holdings Corp. Class A Common Stock,$49.58,-1.70,-3.315%,10356756829.00,United States,2015,2947459,Consumer Discretionary,Diversified Commercial Services
WSFS,WSFS Financial Corporation Common Stock,$42.98,-1.23,-2.782%,2648083760.00,United States,,376771,Finance,Major Banks
WTFC,Wintrust Financial Corporation Common Stock,$80.12,-1.91,-2.328%,4870815921.00,United States,,1133554,Finance,Major Banks
WTW,Willis Towers Watson Public Limited Company Ordinary Shares,$230.91,-3.60,-1.535%,24651112011.00,United Kingdom,2001,512054,Finance,Specialty Insurers
WWD,Woodward Inc. Common Stock,$93.67,-3.16,-3.263%,5594767658.00,United States,,306350,Industrials,Military/Government/Technical
WYNN,Wynn Resorts Limited Common stock,$108.34,-1.29,-1.177%,12276394449.00,United States,2002,3425123,Consumer Discretionary,Hotels/Resorts
XEL,Xcel Energy Inc. Common Stock,$63.22,-1.03,-1.603%,34597049917.00,United States,,3111699,Utilities,Power Generation
XENE,Xenon Pharmaceuticals Inc. Common Shares,$34.18,-1.27,-3.583%,2137754569.00,Canada,2014,651104,Health Care,Pharmaceuticals and Biotechnology
XM,Qualtrics International Inc. Class A Common Stock,$16.55,-0.58,-3.386%,9828344521.00,United States,2021,7186835,Technology,Computer Software: Prepackaged Software
XP,XP Inc. Class A Common Stock,$11.32,-1.03,-8.34%,6345072307.00,Brazil,2019,7807803,Finance,Investment Bankers/Brokers/Service
XRAY,DENTSPLY SIRONA Inc. Common Stock,$36.93,-0.16,-0.431%,7936695950.00,United States,1987,2146970,Health Care,Medical/Dental Instruments
XRX,Xerox Holdings Corporation Common Stock,$15.58,-0.52,-3.23%,2427067980.00,United States,,1307226,Technology,EDP Services
YY,JOYY Inc. American Depositary Shares,$28.44,-0.25,-0.871%,2014774550.00,China,2012,594005,Technology,EDP Services
Z,Zillow Group Inc. Class C Capital Stock,$39.20,-0.16,-0.407%,9186274373.00,United States,,3742734,Consumer Discretionary,Business Services
ZBRA,Zebra Technologies Corporation Class A Common Stock,$288.19,-8.72,-2.937%,14814332597.00,United States,1991,258440,Technology,Computer peripheral equipment
ZD,Ziff Davis Inc. Common Stock,$73.81,-2.24,-2.945%,3483209339.00,United States,,320828,Consumer Discretionary,Advertising
ZG,Zillow Group Inc. Class A Common Stock,$38.65,-0.13,-0.335%,9057385319.00,United States,2011,591714,Consumer Discretionary,Business Services
ZI,ZoomInfo Technologies Inc Common Stock,$21.85,-2.33,-9.636%,8833765976.00,United States,2020,12623696,Technology,Computer Software: Prepackaged Software
ZION,Zions Bancorporation N.A. Common Stock,$40.35,-1.01,-2.442%,5998592400.00,United States,,11346135,Finance,Major Banks
ZLAB,Zai Lab Limited American Depositary Shares,$32.68,-1.66,-4.834%,2463271699.00,China,2017,723227,Health Care,Biotechnology: Pharmaceutical Preparations
ZM,Zoom Video Communications Inc. Class A Common Stock,$67.12,-0.50,-0.739%,19620668010.00,United States,2019,5658987,Technology,Computer Software: Prepackaged Software
ZS,Zscaler Inc. Common Stock,$105.45,-5.00,-4.527%,15207179337.00,United States,2018,3645524,Technology,EDP Services
